,timestamp,magasin,value,client_id,promo_emises,promo_utilise,pay_type
0,1679462755.0,806,34.5 €,22954,[],[],visa
1,1679490870.0,680,31.87 €,64456,[291],"[868, 153]",visa
2,1679435247.0,601,45.92 €,7737,"[20, 458]","[643, 484]",esp
3,1679440275.0,732,30.48 €,75,"[585, 927, 910]","[312, 391]",visa
4,1679408401.0,691,87.62 €,85451,"[428, 889, 605]","[693, 769]",visa
5,1679466058.0,96,63.29 €,79738,"[832, 950]","[377, 243]",visa
6,1679468451.0,492,28.36 €,79304,[26],[],visa
7,1679484043.0,276,12.83 €,58455,"[679, 583]",[663],visa
8,1679417547.0,975,42.45 €,50632,[],"[310, 235]",visa
9,1679462104.0,882,24.52 €,12278,"[690, 907, 157]",[],visa
10,1679458065.0,689,87.04 €,29023,[545],[],visa
11,1679475873.0,631,82.72 €,98000,"[26, 249]",[262],visa
12,1679430474.0,352,86.18 €,94652,[],[],esp
13,1679469978.0,210,26.96 €,61740,"[278, 562]","[965, 480]",esp
14,1679415637.0,812,21.43 €,99391,[],[754],visa
15,1679464654.0,475,41.53 €,57298,"[505, 499, 709]",[],visa
16,1679427211.0,338,58.03 €,92294,"[545, 903]",[760],esp
17,1679409966.0,996,97.04 €,35799,"[881, 801, 918]",[658],visa
18,1679450430.0,409,48.14 €,98546,[],[761],esp
19,1679490133.0,964,49.17 €,82966,[678],[],visa
20,1679423046.0,384,42.33 €,97209,"[135, 398, 436]",[86],visa
21,1679480194.0,776,49.7 €,61564,"[461, 685, 978]","[399, 55]",visa
22,1679443066.0,381,46.66 €,42812,[569],[883],visa
23,1679438406.0,908,44.79 €,92245,"[534, 454, 464]","[266, 248]",visa
24,1679478838.0,375,46.09 €,29252,"[506, 823]",[903],visa
25,1679446449.0,167,96.39 €,8972,[687],[],visa
26,1679415109.0,586,13.89 €,39705,[916],[],visa
27,1679437353.0,162,24.46 €,50518,"[794, 108, 887]",[],esp
28,1679454142.0,951,74.65 €,18060,[],[761],esp
29,1679470357.0,406,74.73 €,64789,[349],[],visa
30,1679421054.0,301,18.4 €,22848,"[205, 240]",[],visa
31,1679489385.0,383,27.3 €,77370,"[727, 403, 804]","[269, 180]",visa
32,1679442412.0,270,48.21 €,26481,"[970, 716]",[626],visa
33,1679486878.0,191,55.09 €,92127,"[276, 229]",[],visa
34,1679417598.0,14,13.97 €,45389,[],[],esp
35,1679445944.0,6,83.33 €,19222,[],[907],visa
36,1679413091.0,810,14.85 €,25600,[368],[994],esp
37,1679480953.0,676,62.17 €,42622,"[290, 550]",[],visa
38,1679419832.0,627,57.83 €,58601,"[230, 695, 628]",[296],visa
39,1679456275.0,376,83.26 €,83238,[],[],esp
40,1679475359.0,610,92.4 €,8131,"[576, 767, 370]","[452, 278]",visa
41,1679411906.0,88,87.25 €,50325,"[521, 156]","[743, 709]",visa
42,1679481822.0,816,49.54 €,31477,[718],"[877, 187]",visa
43,1679411661.0,833,18.56 €,66310,"[463, 235]",[911],visa
44,1679471022.0,195,63.36 €,95655,"[621, 284, 637]",[],visa
45,1679464917.0,760,66.03 €,74205,"[557, 588, 450]",[16],visa
46,1679472311.0,617,52.97 €,18406,"[970, 285]","[167, 750]",visa
47,1679456819.0,881,93.97 €,66255,"[353, 209, 420]",[],visa
48,1679437121.0,966,29.13 €,14255,[],[],visa
49,1679458399.0,49,80.95 €,36039,"[766, 635, 700]","[613, 711]",visa
50,1679473961.0,737,33.89 €,82050,[],[],visa
51,1679469907.0,827,73.69 €,92839,[],[666],esp
52,1679455706.0,675,93.86 €,7650,"[600, 888]",[444],visa
53,1679459041.0,243,45.26 €,62813,[990],[],esp
54,1679474814.0,679,45.96 €,47239,[],[],visa
55,1679459992.0,307,33.6 €,79097,"[403, 392]","[24, 19]",visa
56,1679441021.0,13,52.72 €,71430,"[907, 707]",[238],visa
57,1679432408.0,338,60.93 €,41298,"[464, 387]","[633, 820]",visa
58,1679451865.0,326,39.9 €,63429,[],[],visa
59,1679482002.0,698,84.92 €,54951,"[885, 58, 277]",[218],visa
60,1679425866.0,226,68.49 €,76744,[],"[980, 83]",visa
61,1679487781.0,89,54.45 €,51279,"[535, 282]",[312],visa
62,1679484745.0,811,77.25 €,20093,[362],[201],visa
63,1679481330.0,939,98.67 €,70987,"[601, 608, 193]","[109, 392]",visa
64,1679432178.0,210,87.43 €,2027,"[46, 512, 428]","[46, 525]",visa
65,1679445672.0,275,10.23 €,65065,"[146, 422]","[743, 414]",esp
66,1679493392.0,544,10.12 €,98930,[100],[799],visa
67,1679444506.0,248,96.17 €,57407,[],[22],visa
68,1679417240.0,746,52.85 €,28798,"[43, 696]","[402, 204]",visa
69,1679477545.0,407,32.68 €,61882,"[20, 834, 32]","[693, 246]",visa
70,1679425893.0,467,21.6 €,13888,"[626, 665, 466]",[132],visa
71,1679475509.0,58,81.5 €,47780,"[517, 95]",[],visa
72,1679432479.0,25,71.49 €,8353,[],[60],visa
73,1679462300.0,686,13.93 €,51802,"[979, 457, 74]",[379],visa
74,1679439536.0,15,51.5 €,51330,[950],"[53, 232]",visa
75,1679429526.0,392,67.14 €,78038,[479],[],visa
76,1679436247.0,70,40.31 €,27207,"[282, 181]",[164],visa
77,1679419641.0,753,95.62 €,67660,[],[516],visa
78,1679411430.0,670,56.89 €,98463,[],[314],visa
79,1679484599.0,162,21.72 €,91691,"[857, 385]","[514, 570]",visa
80,1679456025.0,505,16.77 €,25540,[992],"[723, 375]",visa
81,1679443363.0,687,53.67 €,53272,"[547, 188, 977]",[141],esp
82,1679477962.0,633,90.02 €,21075,[],[],esp
83,1679482857.0,811,99.9 €,48995,[],[207],visa
84,1679474847.0,569,28.35 €,11564,"[219, 143]","[887, 606]",visa
85,1679453683.0,132,33.31 €,84079,"[629, 545, 283]",[854],visa
86,1679480284.0,704,90.81 €,78751,"[288, 533, 600]",[],visa
87,1679468473.0,688,22.24 €,55784,"[278, 459]",[274],esp
88,1679458785.0,597,76.17 €,98365,"[48, 658]",[],visa
89,1679487299.0,378,70.25 €,50637,[951],[780],visa
90,1679461904.0,366,68.17 €,95835,"[258, 98, 887]","[177, 689]",visa
91,1679416661.0,936,84.15 €,65254,[],[339],esp
92,1679481400.0,665,18.05 €,16443,"[213, 831, 266]",[],esp
93,1679480614.0,625,42.15 €,96741,"[95, 468, 65]","[396, 524]",visa
94,1679426823.0,176,84.27 €,15869,[],[73],visa
95,1679477872.0,347,25.33 €,93993,"[389, 350, 761]","[517, 372]",visa
96,1679412414.0,432,91.93 €,77623,[],[],visa
97,1679423670.0,50,63.02 €,50067,[18],[328],visa
98,1679471679.0,422,81.14 €,77280,[],"[407, 605]",visa
99,1679477531.0,675,84.97 €,31691,"[44, 770]","[608, 396]",visa
100,1679416055.0,357,43.25 €,58648,[],[799],visa
101,1679420040.0,365,41.95 €,36,"[202, 432]","[612, 605]",visa
102,1679425566.0,154,99.25 €,94458,"[519, 581]",[253],visa
103,1679410266.0,225,89.72 €,53329,[],[641],visa
104,1679477716.0,28,68.01 €,46184,"[105, 296]","[861, 542]",visa
105,1679490537.0,782,52.02 €,70440,"[172, 301]",[939],visa
106,1679419584.0,75,34.42 €,42846,"[827, 702, 924]",[],visa
107,1679447277.0,849,94.81 €,2201,[922],[],visa
108,1679426175.0,958,91.98 €,40627,[360],[226],esp
109,1679489994.0,681,70.08 €,24065,[902],[],visa
110,1679451975.0,170,92.59 €,64129,[315],[678],visa
111,1679476762.0,662,81.05 €,71888,"[729, 906, 785]",[],visa
112,1679491468.0,753,24.33 €,62877,"[849, 191, 169]",[772],visa
113,1679455513.0,719,13.24 €,79507,"[896, 223, 338]","[394, 379]",esp
114,1679432488.0,774,46.94 €,12490,"[357, 702]",[],visa
115,1679423001.0,273,58.86 €,29011,"[471, 56, 675]","[542, 733]",esp
116,1679475959.0,547,32.12 €,51496,"[568, 966]","[619, 982]",visa
117,1679456736.0,76,66.66 €,30747,"[882, 440]",[],esp
118,1679408821.0,624,81.51 €,62629,"[682, 542]",[],esp
119,1679410736.0,944,87.15 €,80615,[35],[574],visa
120,1679434722.0,899,64.32 €,17712,"[560, 412, 386]",[220],visa
121,1679486028.0,574,14.73 €,98683,[268],[],visa
122,1679444672.0,602,37.88 €,95816,"[557, 882]","[569, 157]",visa
123,1679469071.0,145,96.65 €,48839,[],[882],visa
124,1679461000.0,561,36.29 €,34625,"[331, 995, 499]",[],esp
125,1679485146.0,5,39.37 €,16124,"[925, 222]","[987, 402]",visa
126,1679446447.0,617,37.33 €,97301,"[711, 109, 515]","[878, 181]",visa
127,1679412437.0,207,54.09 €,41408,[],"[9, 265]",esp
128,1679425178.0,564,38.13 €,3136,[],[],visa
129,1679434684.0,575,49.22 €,4071,[],[],visa
130,1679432133.0,398,18.1 €,5388,"[672, 298]",[408],esp
131,1679488627.0,598,75.47 €,59780,[296],[],visa
132,1679492179.0,382,19.44 €,81606,[792],[],esp
133,1679468240.0,601,78.99 €,7363,"[283, 11, 918]","[972, 731]",visa
134,1679471640.0,765,57.64 €,65489,[601],"[259, 747]",esp
135,1679460846.0,407,86.83 €,19935,"[979, 984]",[194],visa
136,1679491665.0,863,12.16 €,30871,"[194, 789]",[],visa
137,1679431113.0,247,96.36 €,51635,[],[867],visa
138,1679416533.0,86,22.87 €,92234,[],[662],visa
139,1679434459.0,66,69.42 €,75872,[],[76],visa
140,1679415501.0,149,64.67 €,18282,[995],"[666, 250]",visa
141,1679459701.0,703,36.72 €,85534,[],[169],visa
142,1679478189.0,326,97.67 €,48211,"[519, 526]",[866],visa
143,1679418680.0,696,14.8 €,17933,[],"[620, 322]",esp
144,1679414647.0,513,23.22 €,70238,[796],[405],visa
145,1679490176.0,664,58.38 €,5202,"[896, 695, 389]","[298, 178]",visa
146,1679443870.0,662,59.36 €,94457,"[11, 920, 57]","[940, 517]",esp
147,1679490281.0,369,63.63 €,29979,"[470, 659]",[732],visa
148,1679480781.0,928,30.04 €,95167,[],"[135, 816]",visa
149,1679488881.0,84,78.02 €,43594,"[637, 195, 329]","[959, 840]",visa
150,1679429610.0,873,93.96 €,47369,"[624, 880]",[88],visa
151,1679432811.0,68,43.76 €,14685,[43],"[199, 890]",visa
152,1679494168.0,711,49.33 €,7193,"[46, 610]",[525],visa
153,1679448294.0,106,66.55 €,50352,"[182, 383, 74]","[327, 423]",visa
154,1679451342.0,783,29.2 €,13430,[],[],visa
155,1679442038.0,708,36.19 €,14092,[848],"[556, 932]",visa
156,1679414269.0,872,19.4 €,8300,"[817, 168, 691]","[165, 985]",visa
157,1679443367.0,2,10.66 €,53165,"[880, 8, 335]",[87],visa
158,1679494090.0,295,18.86 €,47592,[11],[],visa
159,1679446481.0,272,39.98 €,91737,"[17, 284]",[174],esp
160,1679450009.0,849,80.41 €,69500,[],"[749, 754]",visa
161,1679435308.0,455,26.01 €,29762,"[619, 324, 490]",[288],visa
162,1679489002.0,274,50.53 €,2566,[596],[],visa
163,1679492239.0,647,87.59 €,52127,[],[],visa
164,1679494396.0,44,88.01 €,81421,[136],"[763, 889]",visa
165,1679462314.0,815,75.49 €,74145,"[159, 661, 113]","[231, 985]",esp
166,1679423496.0,298,34.04 €,8895,[],[],visa
167,1679481229.0,175,17.68 €,50899,[],[],visa
168,1679446556.0,23,99.28 €,19831,"[9, 521]",[780],visa
169,1679483682.0,859,13.7 €,87963,[145],[],esp
170,1679438069.0,975,78.75 €,10622,[],"[725, 331]",visa
171,1679459663.0,285,14.77 €,12076,[603],[612],visa
172,1679475773.0,577,53.66 €,41542,"[287, 651]",[515],visa
173,1679475514.0,487,96.08 €,53653,[],[727],visa
174,1679476371.0,262,69.06 €,97201,"[817, 393, 385]",[],visa
175,1679434909.0,27,32.45 €,65248,[],"[536, 533]",visa
176,1679492192.0,452,62.97 €,32908,"[527, 86]",[],visa
177,1679450580.0,409,57.16 €,68725,[904],"[560, 713]",esp
178,1679474465.0,12,32.21 €,70679,[],[],visa
179,1679481905.0,659,77.71 €,85054,"[875, 624]",[],visa
180,1679422887.0,937,37.47 €,3153,[566],[],visa
181,1679454032.0,263,33.74 €,45698,"[179, 30]","[447, 935]",visa
182,1679441810.0,911,44.19 €,1255,[266],"[755, 559]",visa
183,1679416503.0,830,33.5 €,49839,"[732, 17, 848]",[],visa
184,1679481334.0,482,23.49 €,80824,[],[27],visa
185,1679414750.0,650,11.95 €,47659,[],"[153, 243]",visa
186,1679413661.0,501,80.44 €,51485,"[470, 611]",[],visa
187,1679410633.0,558,31.89 €,91832,"[159, 168]","[242, 728]",visa
188,1679441054.0,927,54.48 €,81907,[],[],visa
189,1679411891.0,265,71.7 €,36816,"[420, 150]",[],esp
190,1679414506.0,746,31.03 €,20733,[365],"[127, 403]",visa
191,1679421059.0,108,56.46 €,34744,"[104, 442]",[],visa
192,1679415382.0,333,11.38 €,10022,"[435, 765, 166]","[321, 232]",visa
193,1679487852.0,61,19.33 €,25133,[],[584],visa
194,1679449144.0,865,66.99 €,63534,"[99, 493]",[],visa
195,1679408865.0,969,92.08 €,48885,"[451, 850]","[913, 665]",visa
196,1679473061.0,440,13.62 €,6899,"[223, 9, 469]",[],visa
197,1679414064.0,844,93.16 €,13725,[793],"[413, 129]",visa
198,1679451884.0,395,49.34 €,40759,"[699, 931, 786]","[82, 204]",esp
199,1679446901.0,300,87.46 €,49663,[],"[961, 419]",visa
200,1679476660.0,611,17.78 €,29997,[732],[],esp
201,1679473352.0,120,80.44 €,61100,"[956, 82, 370]","[831, 200]",esp
202,1679447404.0,335,80.71 €,49577,[],"[253, 761]",visa
203,1679435768.0,956,60.28 €,53265,"[200, 705]","[546, 64]",visa
204,1679439332.0,932,54.4 €,14140,[358],[167],visa
205,1679491537.0,674,26.3 €,72379,[671],[672],visa
206,1679490842.0,99,78.92 €,54469,[],[976],esp
207,1679421648.0,89,62.64 €,96028,[413],[],visa
208,1679461336.0,257,51.83 €,11726,[355],"[832, 876]",esp
209,1679493473.0,430,82.54 €,22307,"[335, 991, 589]",[],esp
210,1679441917.0,447,98.9 €,17350,"[789, 523]","[861, 887]",visa
211,1679439486.0,37,35.46 €,39493,"[815, 197, 436]",[467],visa
212,1679412091.0,336,95.51 €,35620,"[767, 209, 512]","[594, 196]",esp
213,1679408171.0,855,56.53 €,58935,"[258, 31, 463]","[923, 964]",visa
214,1679430023.0,797,10.91 €,36896,"[117, 830]",[],esp
215,1679445658.0,41,44.65 €,17830,"[637, 466]",[],visa
216,1679483866.0,287,98.15 €,98581,[],[],visa
217,1679476027.0,289,32.4 €,48953,[882],"[706, 905]",esp
218,1679442817.0,472,35.06 €,33788,"[911, 650, 644]",[],visa
219,1679412755.0,334,85.02 €,42621,"[682, 178, 228]","[843, 369]",visa
220,1679409480.0,860,62.47 €,16792,"[839, 694, 162]","[310, 985]",visa
221,1679412659.0,296,83.3 €,30910,"[172, 406]","[832, 14]",visa
222,1679424584.0,182,45.04 €,41330,"[61, 871]",[],visa
223,1679486116.0,452,80.83 €,68778,[539],[670],esp
224,1679470562.0,800,72.93 €,62511,"[613, 453]",[],esp
225,1679428698.0,426,61.63 €,72152,"[391, 439]","[140, 754]",esp
226,1679430285.0,505,23.81 €,24351,"[575, 709, 177]","[608, 185]",visa
227,1679472632.0,240,79.94 €,26036,[],[722],visa
228,1679410502.0,622,50.33 €,90778,"[33, 857, 725]",[539],esp
229,1679485458.0,906,22.12 €,32344,"[674, 214, 949]","[662, 431]",visa
230,1679475068.0,909,44.82 €,9347,[],[],visa
231,1679456104.0,189,18.85 €,20785,[30],[584],esp
232,1679436027.0,509,80.14 €,74878,[],[823],visa
233,1679413688.0,275,23.27 €,68565,"[562, 489]",[583],visa
234,1679442041.0,166,90.21 €,11237,[],[278],visa
235,1679424021.0,404,23.4 €,50992,"[860, 239]","[117, 156]",visa
236,1679463991.0,601,59.72 €,73057,"[516, 225, 609]","[522, 698]",visa
237,1679464712.0,617,68.5 €,13850,"[984, 506]",[781],visa
238,1679412868.0,821,77.2 €,66505,"[584, 326]",[980],visa
239,1679488902.0,832,20.12 €,79222,[894],"[777, 636]",visa
240,1679409965.0,717,36.06 €,58305,[216],"[291, 72]",visa
241,1679468460.0,130,60.46 €,1386,"[486, 16, 286]",[],esp
242,1679446864.0,192,29.35 €,80886,[92],"[341, 983]",visa
243,1679471971.0,749,40.51 €,44933,[709],[77],visa
244,1679415034.0,434,40.57 €,5457,[382],[],visa
245,1679472377.0,617,38.22 €,85040,[],"[226, 932]",esp
246,1679494289.0,943,23.68 €,38129,[],[],visa
247,1679490934.0,16,20.12 €,99614,[],[],esp
248,1679442228.0,656,77.15 €,41826,[551],[],visa
249,1679488909.0,223,36.48 €,44951,[96],[848],visa
250,1679417896.0,69,54.93 €,28931,[451],[],visa
251,1679411910.0,827,81.24 €,88006,"[939, 598]",[758],visa
252,1679434049.0,363,28.88 €,38988,[],[],visa
253,1679417317.0,275,91.17 €,22693,[928],[577],visa
254,1679472347.0,959,25.78 €,33309,[],"[179, 768]",visa
255,1679464637.0,303,50.7 €,10839,"[113, 992]",[],visa
256,1679437830.0,566,79.87 €,42058,[538],"[467, 128]",visa
257,1679489265.0,721,50.23 €,64079,[889],"[463, 403]",visa
258,1679462703.0,938,10.29 €,99658,"[513, 934]",[126],visa
259,1679448385.0,931,84.39 €,70261,[72],[],visa
260,1679427667.0,695,69.73 €,27392,[605],"[474, 865]",esp
261,1679428469.0,676,56.35 €,83371,"[629, 981, 558]",[],esp
262,1679460097.0,718,47.0 €,13418,"[963, 442]",[867],visa
263,1679463016.0,953,44.87 €,29276,[],"[379, 365]",visa
264,1679416321.0,579,81.83 €,99999,"[368, 906]","[213, 476]",visa
265,1679484474.0,458,69.86 €,15751,"[364, 708]","[697, 539]",visa
266,1679437480.0,723,20.33 €,66365,"[933, 956]",[],visa
267,1679414071.0,473,76.85 €,2066,[],[],visa
268,1679432657.0,913,89.54 €,145,[489],[548],visa
269,1679440343.0,876,16.12 €,84430,[],"[335, 925]",visa
270,1679457210.0,396,75.94 €,83553,"[256, 547, 82]","[626, 658]",esp
271,1679441800.0,30,73.26 €,46875,[631],"[324, 373]",visa
272,1679487385.0,993,44.72 €,74415,[94],"[727, 793]",visa
273,1679483481.0,663,38.86 €,97187,"[816, 258, 597]","[402, 201]",visa
274,1679447751.0,98,66.37 €,1482,"[740, 542, 585]","[894, 546]",visa
275,1679482609.0,800,83.37 €,1660,"[527, 600]","[95, 80]",visa
276,1679466008.0,293,73.96 €,53646,"[339, 64]","[343, 956]",visa
277,1679486690.0,989,41.38 €,61528,"[230, 888]",[67],visa
278,1679465316.0,100,36.76 €,72582,[],[581],visa
279,1679442478.0,209,32.53 €,83920,[266],[872],visa
280,1679475743.0,274,15.71 €,58125,[257],[],visa
281,1679411525.0,215,83.32 €,44797,[],[478],esp
282,1679469981.0,712,60.87 €,44486,[],"[430, 849]",visa
283,1679468248.0,507,11.82 €,62636,[],"[61, 581]",visa
284,1679449140.0,643,35.5 €,3699,"[147, 836]","[515, 196]",visa
285,1679459528.0,50,78.75 €,30221,"[189, 162]",[],esp
286,1679490032.0,813,43.62 €,88928,"[299, 760]","[74, 884]",visa
287,1679446170.0,79,61.93 €,87104,"[150, 677, 323]",[172],esp
288,1679448988.0,769,84.92 €,32652,[],"[681, 826]",visa
289,1679468451.0,377,32.62 €,63999,[],"[228, 932]",visa
290,1679422634.0,48,52.2 €,25075,"[692, 940]","[280, 460]",visa
291,1679473587.0,570,99.7 €,87950,[922],[],esp
292,1679465832.0,527,37.38 €,85514,[802],"[319, 228]",visa
293,1679469762.0,908,29.78 €,71904,"[419, 230]","[895, 958]",visa
294,1679448591.0,652,54.18 €,66344,"[528, 970, 274]","[964, 111]",visa
295,1679446234.0,61,22.93 €,90048,[],[909],esp
296,1679411400.0,234,25.84 €,18631,"[975, 922, 238]",[124],esp
297,1679462738.0,788,64.25 €,59800,[],"[83, 109]",visa
298,1679409746.0,401,12.38 €,1674,"[710, 243]",[],visa
299,1679427637.0,297,16.47 €,60459,[397],[],visa
300,1679461520.0,572,95.91 €,60948,"[786, 11]",[661],visa
301,1679431942.0,568,41.04 €,81203,[],[166],visa
302,1679474090.0,555,70.1 €,16544,[301],[991],esp
303,1679456945.0,888,25.3 €,99784,"[407, 412, 222]",[716],visa
304,1679462310.0,542,86.69 €,63291,[572],[],visa
305,1679447688.0,140,75.66 €,49000,[438],"[591, 757]",visa
306,1679459249.0,43,25.0 €,14220,"[213, 439, 413]",[],visa
307,1679472778.0,102,90.79 €,28047,[],[],visa
308,1679491055.0,910,43.64 €,27064,[105],[],visa
309,1679493580.0,834,76.43 €,86709,[823],[],visa
310,1679411942.0,290,66.52 €,64876,[],[],visa
311,1679442879.0,322,14.88 €,68707,"[238, 441]","[732, 527]",visa
312,1679419736.0,307,19.6 €,20126,[],[],visa
313,1679426119.0,191,90.21 €,40471,"[221, 563, 242]","[681, 920]",visa
314,1679415392.0,723,94.04 €,15892,[],[821],visa
315,1679445701.0,224,21.33 €,97983,[70],[],visa
316,1679412925.0,819,11.32 €,89790,"[56, 274, 655]",[],esp
317,1679435479.0,116,80.05 €,52568,[728],[486],esp
318,1679460593.0,656,37.72 €,38014,"[620, 468]","[22, 32]",visa
319,1679426818.0,980,81.04 €,13866,[],"[155, 330]",visa
320,1679473080.0,604,65.77 €,15303,"[159, 780, 811]",[],visa
321,1679467671.0,367,48.78 €,43488,"[564, 392, 220]","[692, 333]",visa
322,1679492434.0,949,58.25 €,1734,[],"[907, 510]",esp
323,1679408057.0,590,79.32 €,69691,"[627, 352]","[476, 64]",visa
324,1679438321.0,316,59.77 €,65469,[],[495],visa
325,1679482002.0,158,67.82 €,64489,"[358, 835]",[],visa
326,1679409469.0,466,12.42 €,12984,"[547, 30, 799]",[],esp
327,1679470392.0,152,26.17 €,27428,"[44, 881]","[734, 124]",esp
328,1679481603.0,229,28.87 €,73157,[60],[],visa
329,1679488824.0,322,94.69 €,90994,"[142, 697]",[],esp
330,1679491153.0,749,11.98 €,2580,[],[],visa
331,1679453009.0,803,65.39 €,46577,[],"[636, 929]",visa
332,1679488963.0,717,70.28 €,41302,[556],"[715, 698]",visa
333,1679489401.0,993,89.7 €,37361,[],[599],visa
334,1679453337.0,306,14.58 €,87689,[652],"[288, 591]",esp
335,1679435856.0,577,24.35 €,16153,[613],"[936, 584]",visa
336,1679413228.0,272,16.43 €,37388,[269],"[249, 287]",visa
337,1679413588.0,973,81.31 €,29441,"[625, 889, 859]",[206],esp
338,1679427317.0,380,32.42 €,1043,"[221, 376, 156]",[],visa
339,1679435291.0,369,62.21 €,58372,"[700, 630, 22]","[998, 682]",visa
340,1679439416.0,199,56.66 €,50653,[],[],visa
341,1679460797.0,821,30.65 €,15891,"[811, 580]",[],visa
342,1679444785.0,299,59.47 €,62313,"[284, 621]",[],visa
343,1679408201.0,991,31.21 €,56007,[678],[],visa
344,1679487069.0,878,74.18 €,42702,[],[48],visa
345,1679452930.0,244,27.86 €,57918,[304],[428],visa
346,1679431822.0,68,38.64 €,7310,[92],"[98, 475]",visa
347,1679481343.0,391,76.27 €,56003,"[235, 420]","[793, 321]",esp
348,1679438213.0,812,31.35 €,60825,[],[979],visa
349,1679485590.0,366,22.87 €,5010,"[570, 552, 83]",[],visa
350,1679467814.0,69,57.52 €,33212,[24],[677],visa
351,1679478766.0,965,14.21 €,97703,"[814, 545]","[379, 24]",visa
352,1679489578.0,868,89.0 €,34612,"[791, 286, 15]","[39, 52]",visa
353,1679412072.0,144,99.74 €,6406,[],[660],esp
354,1679490788.0,190,75.69 €,52449,[],[759],visa
355,1679416104.0,770,27.37 €,32782,"[830, 182]",[798],esp
356,1679476620.0,530,68.33 €,18849,"[747, 768]","[92, 468]",visa
357,1679419341.0,427,58.97 €,18547,"[60, 669]",[],esp
358,1679474890.0,591,55.89 €,84303,[598],[892],visa
359,1679459728.0,772,81.97 €,4589,"[707, 353, 484]","[31, 602]",visa
360,1679432609.0,168,19.5 €,86553,"[448, 791, 893]",[519],esp
361,1679444967.0,218,33.88 €,32645,"[511, 90, 385]",[878],esp
362,1679481897.0,728,89.46 €,45560,[246],[370],visa
363,1679439891.0,581,71.34 €,68839,"[101, 693, 273]",[605],visa
364,1679450913.0,34,59.67 €,95581,"[179, 404]",[773],visa
365,1679454215.0,910,19.42 €,53880,[470],"[418, 419]",visa
366,1679411607.0,572,12.31 €,89850,[705],[],visa
367,1679442440.0,310,84.59 €,37275,"[249, 654]","[674, 952]",esp
368,1679461509.0,397,48.18 €,62525,"[349, 992]",[],visa
369,1679491652.0,467,29.57 €,3932,[],[],visa
370,1679413058.0,213,75.61 €,55846,[],"[184, 843]",visa
371,1679488249.0,952,34.56 €,62332,[196],[889],visa
372,1679480396.0,346,37.77 €,35930,[874],"[136, 192]",visa
373,1679434322.0,679,90.27 €,44109,"[349, 661, 916]","[763, 875]",visa
374,1679416930.0,843,40.49 €,25457,"[847, 236, 988]",[409],visa
375,1679459604.0,265,81.33 €,90375,"[78, 741]","[103, 17]",visa
376,1679455964.0,61,16.5 €,88430,"[641, 815, 528]",[],visa
377,1679487345.0,796,24.21 €,9754,"[301, 595, 127]","[14, 43]",visa
378,1679487726.0,958,68.04 €,35695,[],[],visa
379,1679470951.0,111,34.15 €,52307,[104],[218],visa
380,1679444017.0,604,68.16 €,21372,"[325, 901, 383]",[],visa
381,1679426770.0,844,50.75 €,73618,"[373, 527, 438]","[867, 80]",visa
382,1679453245.0,356,56.21 €,87776,"[87, 235]","[828, 609]",visa
383,1679475219.0,123,12.94 €,22312,"[633, 38, 717]",[506],visa
384,1679444732.0,838,51.31 €,27194,"[603, 825]",[196],visa
385,1679413723.0,880,61.95 €,83404,"[443, 834, 871]",[759],esp
386,1679475124.0,476,36.54 €,86440,"[200, 250, 923]",[93],esp
387,1679437356.0,812,45.32 €,7226,[626],[],visa
388,1679488921.0,300,21.82 €,95874,[811],[449],visa
389,1679436841.0,424,23.96 €,53000,"[530, 534]",[],visa
390,1679409167.0,591,29.09 €,15431,[],[930],visa
391,1679490303.0,390,20.69 €,11631,"[525, 803]",[785],visa
392,1679443614.0,541,96.24 €,98239,[722],"[945, 69]",visa
393,1679447359.0,903,91.58 €,65069,[],"[805, 289]",visa
394,1679491392.0,162,24.53 €,74989,[424],"[181, 505]",visa
395,1679426630.0,684,92.73 €,20031,[],[144],visa
396,1679433941.0,994,15.34 €,81558,"[441, 780]",[89],visa
397,1679441938.0,176,65.13 €,37297,"[200, 618]",[],visa
398,1679408800.0,635,19.53 €,69487,"[692, 449, 424]","[652, 586]",visa
399,1679471890.0,518,69.37 €,78190,"[201, 527, 80]",[],esp
400,1679416075.0,521,54.9 €,26920,"[683, 3]",[],visa
401,1679442832.0,170,66.82 €,21855,"[964, 801, 460]","[825, 90]",esp
402,1679436025.0,828,76.05 €,81575,[481],[746],visa
403,1679458689.0,302,47.74 €,68535,[455],"[295, 75]",visa
404,1679463901.0,467,62.99 €,21388,[],[570],visa
405,1679488954.0,970,69.58 €,11742,"[606, 697]",[],visa
406,1679436943.0,988,83.8 €,7353,"[589, 457, 997]","[894, 713]",visa
407,1679413904.0,269,64.61 €,88312,[2],[402],visa
408,1679413077.0,61,38.31 €,56094,[573],"[29, 14]",visa
409,1679483577.0,80,15.3 €,95271,"[491, 648, 466]",[],esp
410,1679483969.0,756,81.95 €,35266,"[132, 526]",[],visa
411,1679462205.0,476,29.03 €,83834,[],[618],esp
412,1679429477.0,895,68.5 €,24228,"[977, 552, 103]",[106],visa
413,1679415482.0,46,93.66 €,78098,[],"[869, 760]",visa
414,1679449596.0,810,22.66 €,10816,[],[],visa
415,1679453515.0,836,53.18 €,43674,[],[],visa
416,1679409522.0,367,73.26 €,59040,[29],[671],esp
417,1679476242.0,339,13.58 €,53125,[],[],esp
418,1679488109.0,342,99.49 €,73390,[288],[],visa
419,1679458920.0,850,38.01 €,67897,"[670, 349]",[984],visa
420,1679490664.0,36,48.9 €,21954,[],[169],visa
421,1679413617.0,140,34.92 €,84143,[535],"[740, 306]",visa
422,1679424113.0,265,39.47 €,2190,[172],[999],visa
423,1679482049.0,636,65.61 €,67582,"[2, 514]",[],visa
424,1679439887.0,405,47.27 €,69280,[256],"[454, 295]",esp
425,1679481143.0,641,72.9 €,18628,[],[],visa
426,1679459600.0,98,61.52 €,70428,[580],"[916, 152]",visa
427,1679417737.0,753,51.31 €,20029,[],"[297, 615]",visa
428,1679462511.0,724,41.11 €,68769,"[958, 881]",[],visa
429,1679424562.0,38,58.2 €,79347,"[618, 206]","[80, 543]",esp
430,1679460490.0,699,26.77 €,38644,[],"[60, 29]",visa
431,1679415402.0,484,11.0 €,90458,[],"[335, 912]",visa
432,1679463836.0,47,70.3 €,39659,"[320, 538]","[157, 154]",visa
433,1679490630.0,365,62.86 €,54830,"[805, 311]",[],esp
434,1679484136.0,987,93.13 €,73503,[],"[26, 664]",visa
435,1679411379.0,359,95.3 €,2756,[],[66],esp
436,1679462991.0,277,40.4 €,69101,"[125, 495]","[506, 637]",visa
437,1679478804.0,929,80.76 €,61315,"[853, 728, 994]",[929],visa
438,1679412872.0,614,43.27 €,41426,[],"[829, 414]",visa
439,1679453360.0,947,31.13 €,40016,"[648, 515]",[],visa
440,1679467017.0,417,95.35 €,40571,[65],"[111, 613]",visa
441,1679447420.0,386,38.92 €,94365,[459],[990],visa
442,1679450858.0,704,15.9 €,44596,[197],[273],visa
443,1679482330.0,54,68.78 €,31918,"[320, 462]",[],visa
444,1679418159.0,759,39.82 €,54329,[],[262],visa
445,1679450202.0,867,48.93 €,226,"[855, 644, 731]",[],visa
446,1679423238.0,518,79.44 €,11104,[415],[],visa
447,1679471557.0,45,96.21 €,53825,[],[],visa
448,1679430222.0,82,58.78 €,54572,"[661, 312]",[718],esp
449,1679454112.0,381,68.22 €,3890,"[653, 142]",[],esp
450,1679488443.0,945,43.27 €,17463,[709],[997],esp
451,1679422211.0,590,38.25 €,49399,[],[222],visa
452,1679460623.0,918,40.67 €,96296,"[991, 599]",[],visa
453,1679455497.0,440,97.75 €,75722,"[314, 534, 548]",[483],visa
454,1679448146.0,800,63.52 €,4906,"[293, 379]",[230],visa
455,1679457011.0,413,75.93 €,75136,"[262, 920, 786]","[202, 595]",esp
456,1679450876.0,397,14.48 €,42127,[],[683],visa
457,1679484475.0,262,70.67 €,25800,"[502, 139, 643]",[],visa
458,1679486497.0,896,67.71 €,2801,[263],[],esp
459,1679443666.0,810,54.24 €,64634,"[586, 806]","[498, 859]",visa
460,1679469308.0,500,39.48 €,11897,[270],[205],visa
461,1679415834.0,254,48.98 €,89197,"[758, 690, 635]",[],visa
462,1679436987.0,417,64.44 €,88768,"[198, 439, 666]",[336],visa
463,1679428029.0,777,93.36 €,88668,"[27, 213]",[90],esp
464,1679459411.0,274,95.04 €,75093,"[583, 251, 323]",[],esp
465,1679432123.0,64,59.31 €,46145,[427],[],visa
466,1679409788.0,311,43.36 €,98016,[],[],esp
467,1679484435.0,553,32.8 €,37102,"[979, 936, 597]",[],visa
468,1679479487.0,259,70.99 €,44422,"[915, 884, 965]","[562, 694]",esp
469,1679443752.0,590,67.2 €,80063,[],[272],visa
470,1679423586.0,479,52.79 €,17329,"[962, 569]",[859],visa
471,1679415646.0,721,80.6 €,48015,[463],[],visa
472,1679440024.0,466,86.15 €,70180,[655],[136],esp
473,1679416404.0,375,69.25 €,97803,"[843, 924]",[190],visa
474,1679439171.0,558,89.36 €,78505,"[240, 802]",[147],visa
475,1679485285.0,501,35.25 €,29999,[141],[],visa
476,1679451608.0,723,10.28 €,62158,"[56, 364]",[633],visa
477,1679469037.0,117,71.91 €,53839,"[37, 346, 446]",[666],visa
478,1679416455.0,283,97.83 €,61855,"[132, 161]","[991, 762]",visa
479,1679488303.0,906,31.1 €,85624,"[818, 104, 133]",[956],esp
480,1679418373.0,395,32.63 €,82544,[],"[567, 815]",visa
481,1679443949.0,869,50.24 €,85823,[],[],visa
482,1679413466.0,921,27.22 €,52285,[],[],visa
483,1679418246.0,905,43.49 €,16218,"[2, 770]","[559, 556]",visa
484,1679489300.0,844,82.13 €,83653,[],[],visa
485,1679433908.0,304,99.16 €,47874,"[144, 881]","[329, 96]",visa
486,1679470511.0,140,39.3 €,65833,[740],"[507, 932]",visa
487,1679472719.0,464,67.61 €,97767,[],[],visa
488,1679450284.0,197,24.62 €,67781,[459],[],esp
489,1679473690.0,446,19.84 €,9807,[],[],visa
490,1679489885.0,392,26.39 €,31708,[911],[],visa
491,1679457515.0,478,95.61 €,76846,"[31, 318]","[920, 505]",visa
492,1679437522.0,937,77.01 €,51161,[986],[],visa
493,1679435358.0,463,15.64 €,53282,"[64, 430, 29]","[586, 794]",visa
494,1679478882.0,557,47.92 €,32094,[156],[903],esp
495,1679437377.0,539,70.09 €,36444,[],[820],visa
496,1679438849.0,208,68.72 €,71273,[],[],visa
497,1679462005.0,412,21.52 €,88636,[],[477],visa
498,1679460328.0,695,67.86 €,19953,"[713, 823, 193]",[],visa
499,1679445968.0,46,96.54 €,52449,"[369, 36, 10]","[146, 801]",visa
500,1679440590.0,244,92.91 €,38779,"[668, 122]",[],esp
501,1679493679.0,684,99.53 €,85354,"[500, 963]",[],visa
502,1679415179.0,804,81.73 €,60707,[706],"[481, 4]",esp
503,1679463211.0,389,34.35 €,35624,[],[928],visa
504,1679461276.0,685,61.34 €,51646,[508],[],visa
505,1679419289.0,538,24.55 €,5174,[],[591],visa
506,1679450623.0,420,57.02 €,25913,"[754, 252]",[98],visa
507,1679493619.0,626,13.76 €,54905,[872],[],visa
508,1679434127.0,108,74.32 €,80260,[426],"[498, 174]",visa
509,1679476674.0,552,77.57 €,66840,[447],"[713, 117]",visa
510,1679424831.0,647,88.1 €,99188,[391],"[564, 397]",esp
511,1679490989.0,383,51.56 €,68345,"[714, 219, 564]","[629, 168]",esp
512,1679460937.0,742,40.07 €,67975,"[461, 559, 34]",[868],visa
513,1679475948.0,264,56.08 €,92391,"[763, 278, 149]",[966],visa
514,1679448341.0,365,73.69 €,12075,"[445, 501]","[802, 244]",visa
515,1679466405.0,660,41.53 €,57261,"[751, 548, 121]",[],visa
516,1679469446.0,386,89.49 €,69564,"[270, 301]","[864, 690]",visa
517,1679435890.0,130,70.53 €,98509,"[936, 345]",[],visa
518,1679409743.0,598,40.87 €,53798,[],[853],visa
519,1679470488.0,605,44.15 €,39687,[],[399],visa
520,1679420250.0,733,13.81 €,80764,[15],[],visa
521,1679485639.0,136,52.26 €,59437,[209],[],esp
522,1679438358.0,58,77.09 €,60720,[47],"[906, 136]",esp
523,1679483976.0,42,75.73 €,87199,"[139, 251, 573]","[546, 699]",esp
524,1679461179.0,567,11.4 €,11933,"[512, 782, 435]",[972],visa
525,1679487251.0,534,52.16 €,75010,"[553, 294]","[678, 178]",visa
526,1679441351.0,930,56.72 €,90867,"[988, 668]","[599, 99]",visa
527,1679447944.0,603,81.81 €,22662,"[9, 405]",[],esp
528,1679426982.0,808,38.18 €,92279,"[565, 790, 461]",[],visa
529,1679458941.0,623,13.75 €,57877,"[917, 132, 736]",[],visa
530,1679439473.0,970,73.08 €,56501,[392],[811],visa
531,1679445932.0,415,13.78 €,65194,"[841, 708]","[55, 749]",visa
532,1679457101.0,364,29.36 €,3856,[597],"[622, 91]",esp
533,1679469394.0,965,86.42 €,83378,[],[731],esp
534,1679419303.0,186,14.17 €,58959,"[703, 790]",[],visa
535,1679452085.0,336,42.97 €,81402,[],"[371, 228]",visa
536,1679459346.0,277,97.44 €,35198,"[993, 542]","[40, 156]",esp
537,1679418912.0,998,66.25 €,36647,"[539, 670, 675]",[48],esp
538,1679410622.0,194,86.88 €,55649,[],"[142, 224]",visa
539,1679451881.0,437,56.24 €,96387,"[423, 786]","[528, 341]",visa
540,1679414237.0,181,37.43 €,21134,"[177, 10]",[],visa
541,1679413311.0,237,27.23 €,57615,[949],"[316, 634]",visa
542,1679434913.0,839,16.54 €,35735,[703],[],visa
543,1679491993.0,86,18.1 €,87360,"[401, 449]","[784, 722]",visa
544,1679437297.0,827,20.43 €,79280,[],[],visa
545,1679443460.0,665,84.99 €,69486,[299],[],visa
546,1679485156.0,528,53.87 €,41477,[],[],visa
547,1679419413.0,829,46.65 €,1246,"[573, 583]",[595],visa
548,1679408542.0,684,25.1 €,24975,[112],[58],visa
549,1679494215.0,462,30.99 €,42813,[],[991],visa
550,1679428528.0,733,24.68 €,93476,[],"[98, 273]",visa
551,1679477562.0,430,46.95 €,72650,"[593, 143]",[818],esp
552,1679477605.0,757,96.71 €,77340,"[108, 289]",[879],visa
553,1679459650.0,149,83.63 €,39432,"[810, 592, 695]",[],visa
554,1679488558.0,279,97.8 €,12765,"[72, 467]",[],visa
555,1679418939.0,489,96.64 €,46842,[227],[701],esp
556,1679450481.0,199,32.59 €,14437,"[207, 922]","[30, 43]",visa
557,1679431312.0,786,95.42 €,59429,"[427, 169, 530]","[940, 844]",visa
558,1679421762.0,903,98.25 €,92625,"[205, 250]",[],visa
559,1679451274.0,27,22.22 €,3181,[755],[463],visa
560,1679427027.0,548,31.81 €,84784,[795],[902],visa
561,1679460157.0,315,90.73 €,13512,[],"[150, 153]",visa
562,1679450096.0,623,31.0 €,22438,"[686, 822, 866]",[],visa
563,1679490955.0,945,63.69 €,48747,[928],[],visa
564,1679476548.0,376,26.16 €,15183,[960],[],visa
565,1679492757.0,679,86.55 €,48602,[],[68],visa
566,1679458497.0,892,48.68 €,97189,"[531, 125, 117]",[503],esp
567,1679467860.0,288,33.66 €,73440,"[333, 603, 505]","[347, 887]",visa
568,1679409472.0,240,96.06 €,83160,[],[],visa
569,1679485043.0,148,11.39 €,55415,"[191, 486, 96]",[],esp
570,1679415242.0,738,41.87 €,18661,"[754, 421, 484]",[],esp
571,1679474655.0,729,37.84 €,48615,"[56, 976]",[177],visa
572,1679441876.0,290,71.84 €,60910,[168],"[901, 296]",visa
573,1679444889.0,574,78.9 €,65737,[791],[],esp
574,1679443315.0,963,60.22 €,97095,[],[64],visa
575,1679445207.0,631,67.06 €,68136,"[592, 568]","[636, 245]",esp
576,1679444807.0,751,94.59 €,23467,"[703, 318]",[15],visa
577,1679413360.0,960,72.92 €,50199,"[434, 845, 808]",[783],visa
578,1679410362.0,780,92.55 €,68768,"[721, 129, 505]","[600, 184]",visa
579,1679488544.0,340,68.85 €,493,[],[],visa
580,1679477028.0,931,87.44 €,71528,"[944, 350]","[358, 98]",visa
581,1679466394.0,164,97.63 €,9013,[],"[867, 484]",esp
582,1679459780.0,762,59.21 €,13960,"[222, 166, 133]","[355, 260]",visa
583,1679434959.0,10,59.88 €,40999,"[538, 141]","[817, 783]",visa
584,1679409536.0,162,37.09 €,43274,[460],[],esp
585,1679453611.0,395,89.53 €,91542,"[598, 727]","[187, 114]",esp
586,1679452871.0,679,84.34 €,90761,[],[],visa
587,1679410896.0,396,16.72 €,75276,"[355, 85]",[995],visa
588,1679491015.0,194,29.3 €,6742,[850],"[685, 680]",visa
589,1679476080.0,835,94.46 €,61912,[533],[],visa
590,1679462825.0,601,91.58 €,32308,[762],[439],visa
591,1679479543.0,629,38.41 €,7373,"[133, 817]","[349, 370]",esp
592,1679416226.0,649,31.31 €,66199,[193],"[349, 118]",visa
593,1679409289.0,341,38.83 €,63568,"[39, 592]","[236, 426]",visa
594,1679438499.0,309,16.21 €,65481,"[668, 464]","[685, 93]",esp
595,1679467717.0,50,31.64 €,49821,"[484, 810, 257]",[],visa
596,1679475803.0,488,77.08 €,16250,[164],[226],visa
597,1679463840.0,201,23.34 €,43684,[226],[],visa
598,1679427150.0,786,33.43 €,61735,[663],[427],esp
599,1679433510.0,822,18.79 €,72060,[222],[270],visa
600,1679450238.0,403,49.7 €,61756,"[679, 397]",[453],visa
601,1679432973.0,897,23.39 €,66238,[767],[],visa
602,1679414161.0,824,49.62 €,79965,"[646, 970, 849]",[945],visa
603,1679409109.0,37,12.26 €,36259,"[202, 930]",[],visa
604,1679438363.0,388,26.9 €,65951,[],[],visa
605,1679488902.0,25,51.5 €,23661,[],[809],visa
606,1679479469.0,838,97.29 €,42098,[426],[595],visa
607,1679484024.0,623,48.28 €,23204,[],[],visa
608,1679455000.0,356,15.53 €,95282,"[925, 315, 239]",[851],visa
609,1679462957.0,357,91.68 €,76635,"[678, 728, 370]",[932],esp
610,1679446594.0,372,11.16 €,43230,"[18, 196, 843]",[653],visa
611,1679425194.0,312,20.22 €,12562,[119],"[620, 466]",visa
612,1679427657.0,752,12.26 €,84060,"[375, 716, 265]",[918],esp
613,1679428403.0,155,67.43 €,36988,[],[779],visa
614,1679424479.0,281,66.27 €,7949,"[133, 433]",[],visa
615,1679440842.0,517,34.44 €,21615,[207],"[804, 86]",visa
616,1679474216.0,927,27.01 €,98883,"[269, 811, 943]",[],visa
617,1679433932.0,187,55.09 €,81971,[534],[],visa
618,1679478439.0,310,79.28 €,4190,"[454, 634, 515]","[989, 416]",visa
619,1679484356.0,727,99.22 €,3304,[],"[304, 289]",visa
620,1679473055.0,756,80.19 €,35680,[960],[],esp
621,1679480083.0,867,83.17 €,25682,"[558, 524]",[],esp
622,1679475748.0,785,95.49 €,73590,"[657, 722, 325]",[119],visa
623,1679459209.0,699,93.76 €,85922,[],[],visa
624,1679485330.0,387,90.73 €,85794,[],[],esp
625,1679430792.0,910,39.06 €,98047,[],[],visa
626,1679426375.0,6,11.42 €,57525,"[622, 931]","[591, 175]",visa
627,1679475431.0,528,97.53 €,17892,"[79, 535, 283]",[655],visa
628,1679454793.0,293,49.58 €,86802,[],"[823, 363]",visa
629,1679431107.0,555,68.67 €,64295,"[134, 305, 17]",[],visa
630,1679417331.0,352,27.0 €,88002,[],"[50, 510]",esp
631,1679490662.0,522,98.82 €,947,[],"[249, 973]",visa
632,1679461692.0,428,71.28 €,97033,[660],[865],esp
633,1679433482.0,767,86.09 €,67616,[],[],visa
634,1679442428.0,647,22.12 €,40085,[533],[],visa
635,1679462769.0,37,52.51 €,78747,"[285, 161]","[609, 34]",esp
636,1679473627.0,586,27.51 €,28760,[],"[84, 660]",visa
637,1679475708.0,235,52.4 €,72932,"[660, 536]",[522],visa
638,1679482657.0,768,57.04 €,72844,"[727, 870, 420]","[363, 470]",visa
639,1679425759.0,610,70.19 €,28382,"[929, 548]",[746],visa
640,1679454166.0,125,76.03 €,83765,"[275, 610]",[934],visa
641,1679493762.0,834,29.05 €,17438,"[722, 743]",[626],esp
642,1679435437.0,80,99.54 €,53292,[],[],visa
643,1679491229.0,48,55.11 €,6849,[],[950],esp
644,1679452113.0,133,74.77 €,35683,[541],[228],visa
645,1679437657.0,417,33.61 €,95732,"[141, 224, 103]","[989, 289]",visa
646,1679491778.0,347,94.28 €,65023,[],[859],visa
647,1679410976.0,146,68.44 €,5387,"[256, 931]",[673],visa
648,1679493690.0,415,25.79 €,33145,"[862, 531]",[734],visa
649,1679433456.0,954,86.12 €,52664,[],[],visa
650,1679430140.0,636,31.31 €,62075,[],[783],visa
651,1679453492.0,191,28.42 €,85769,[],[712],visa
652,1679441833.0,349,51.15 €,64339,"[981, 274, 428]",[],visa
653,1679447134.0,817,96.19 €,94071,[],[],visa
654,1679427601.0,954,14.74 €,60279,"[286, 634, 372]",[430],visa
655,1679420264.0,547,24.32 €,93675,"[241, 959]",[],esp
656,1679493601.0,531,12.51 €,57508,[459],[797],visa
657,1679488376.0,342,44.56 €,23981,"[423, 366, 664]",[],visa
658,1679450418.0,69,79.03 €,59101,"[386, 453, 998]",[982],visa
659,1679460581.0,490,40.79 €,56304,[],[936],esp
660,1679427533.0,694,38.43 €,52287,"[259, 3]","[389, 139]",esp
661,1679426590.0,108,77.38 €,64644,[596],[219],esp
662,1679483938.0,226,33.17 €,47416,"[899, 642]",[700],visa
663,1679418791.0,837,72.55 €,9761,[84],"[781, 344]",esp
664,1679480093.0,207,46.27 €,94748,"[405, 692]",[72],visa
665,1679493840.0,841,94.01 €,5802,[813],[],visa
666,1679421119.0,942,35.15 €,85087,[],"[395, 825]",visa
667,1679461012.0,791,75.83 €,91149,[557],[],esp
668,1679438838.0,472,18.95 €,23187,"[464, 428, 598]","[821, 335]",visa
669,1679434552.0,725,13.83 €,83979,[355],[],visa
670,1679432066.0,95,50.02 €,98506,"[355, 856]",[245],visa
671,1679413421.0,742,82.08 €,53497,[868],[441],esp
672,1679472873.0,380,25.55 €,42217,[],[685],visa
673,1679488188.0,145,27.16 €,77906,"[857, 891]",[],visa
674,1679443807.0,238,20.59 €,9311,[795],[],esp
675,1679450360.0,554,28.33 €,83154,[174],[948],visa
676,1679415875.0,31,52.05 €,38422,[850],[76],esp
677,1679414814.0,172,52.17 €,26081,"[436, 707]",[739],esp
678,1679441342.0,923,51.0 €,92854,[],[],visa
679,1679493127.0,785,35.1 €,57847,"[824, 633, 289]",[749],visa
680,1679463375.0,792,64.61 €,29645,[],[],visa
681,1679491551.0,966,98.1 €,12771,[196],[],visa
682,1679471514.0,685,36.17 €,42566,"[54, 368, 272]","[491, 250]",visa
683,1679485010.0,206,96.35 €,76857,[],[],visa
684,1679411829.0,760,77.7 €,4509,"[992, 174, 222]",[],visa
685,1679438678.0,403,89.35 €,19824,[],[186],esp
686,1679481746.0,437,13.59 €,74186,"[79, 155, 4]",[285],visa
687,1679451627.0,490,21.04 €,43410,"[70, 602]","[884, 309]",visa
688,1679471000.0,606,79.77 €,37944,[999],[],esp
689,1679473600.0,562,63.05 €,35909,"[421, 600, 891]",[491],visa
690,1679410916.0,370,98.4 €,31957,"[906, 768]",[],visa
691,1679467437.0,388,96.61 €,82055,"[783, 863]",[288],visa
692,1679464045.0,375,66.72 €,30364,[378],[860],visa
693,1679430997.0,261,46.4 €,8150,[326],[],visa
694,1679421276.0,509,88.53 €,72678,"[345, 154, 426]",[],visa
695,1679487246.0,265,11.11 €,20426,"[874, 856, 905]","[756, 739]",esp
696,1679416640.0,105,13.05 €,63273,"[710, 327]","[465, 569]",visa
697,1679475211.0,504,58.95 €,49148,"[776, 511]","[845, 808]",visa
698,1679415304.0,821,19.87 €,7678,"[134, 769, 245]",[875],visa
699,1679430757.0,132,49.77 €,39646,"[314, 871, 87]",[],visa
700,1679431705.0,343,31.81 €,5007,[398],[],visa
701,1679468898.0,628,41.25 €,56465,[],[738],visa
702,1679459595.0,229,66.29 €,62671,"[379, 932, 211]",[],visa
703,1679441242.0,975,21.76 €,35385,[],[247],visa
704,1679489871.0,320,32.04 €,68537,[],[886],esp
705,1679411201.0,705,22.15 €,78789,[288],[],visa
706,1679408459.0,723,97.58 €,49084,"[721, 195, 601]",[],visa
707,1679440569.0,541,75.32 €,43172,[],[552],visa
708,1679412616.0,609,81.27 €,45616,"[12, 795, 915]","[92, 373]",visa
709,1679448006.0,289,10.44 €,18078,[],[541],visa
710,1679470399.0,38,52.81 €,92442,"[891, 199]","[240, 534]",visa
711,1679446525.0,978,36.16 €,83628,[645],"[41, 860]",esp
712,1679410950.0,899,74.58 €,79175,"[230, 782, 573]",[767],visa
713,1679460683.0,351,87.76 €,38897,[9],[],visa
714,1679459898.0,712,45.64 €,13905,"[551, 110]","[25, 838]",esp
715,1679411693.0,315,29.28 €,3468,[458],"[262, 594]",visa
716,1679470866.0,375,88.32 €,38208,[499],[423],visa
717,1679428283.0,386,73.01 €,32895,"[145, 356, 643]","[420, 475]",visa
718,1679468549.0,644,98.38 €,84766,[],[],visa
719,1679482591.0,848,17.57 €,87954,[],[605],visa
720,1679485418.0,937,71.9 €,75385,[],[141],visa
721,1679447924.0,207,29.85 €,48320,[],[180],visa
722,1679444131.0,907,27.76 €,39298,[119],[528],esp
723,1679425797.0,202,91.67 €,23643,[],[244],visa
724,1679489894.0,621,83.03 €,11288,"[76, 670, 761]",[250],esp
725,1679418911.0,557,34.85 €,68398,[],[],esp
726,1679419695.0,873,45.12 €,29243,[],[234],visa
727,1679493628.0,70,64.97 €,47045,[344],[612],visa
728,1679488006.0,476,78.35 €,96458,"[831, 936, 599]",[],visa
729,1679475585.0,919,66.89 €,37270,[],[],visa
730,1679458330.0,334,78.78 €,10154,[350],[844],visa
731,1679446962.0,75,97.37 €,94463,[832],"[731, 795]",esp
732,1679475574.0,546,75.54 €,29621,[98],[10],visa
733,1679434859.0,749,24.9 €,85912,"[745, 813]",[502],visa
734,1679424224.0,153,48.01 €,19513,"[413, 933]",[],visa
735,1679479217.0,292,20.73 €,12121,"[762, 144]",[27],visa
736,1679478117.0,705,17.3 €,99715,[],[],visa
737,1679444020.0,76,28.94 €,49841,"[792, 561, 288]","[232, 932]",visa
738,1679421050.0,680,28.03 €,61261,"[760, 921, 206]",[438],visa
739,1679444290.0,522,60.93 €,76469,[],[],visa
740,1679421120.0,907,73.44 €,28534,[623],[223],visa
741,1679481535.0,551,27.98 €,4771,[],"[952, 552]",visa
742,1679437508.0,675,15.51 €,97721,[],"[435, 694]",visa
743,1679432281.0,245,29.66 €,48651,"[653, 722, 4]",[447],visa
744,1679473741.0,184,40.53 €,16548,[],[],visa
745,1679466799.0,771,64.29 €,63668,"[103, 99, 668]","[834, 353]",esp
746,1679424041.0,19,61.45 €,66816,"[118, 278]",[131],visa
747,1679471330.0,506,59.02 €,15807,[238],"[299, 139]",esp
748,1679428688.0,215,14.81 €,30637,[385],[715],visa
749,1679414358.0,47,10.51 €,56360,[],[],visa
750,1679417918.0,133,85.21 €,70950,"[883, 96]",[],visa
751,1679456353.0,809,48.41 €,44399,"[259, 711]","[547, 549]",visa
752,1679436439.0,383,77.57 €,90753,"[31, 89, 169]","[252, 347]",esp
753,1679469060.0,946,77.02 €,75535,[],[],visa
754,1679476007.0,369,32.56 €,34535,"[708, 440]",[333],visa
755,1679410999.0,217,78.06 €,51286,[400],[238],visa
756,1679411362.0,378,62.63 €,9938,"[47, 176, 682]",[39],visa
757,1679492657.0,478,81.62 €,221,"[770, 326]","[479, 39]",visa
758,1679438801.0,158,75.4 €,57938,[],"[713, 250]",visa
759,1679447162.0,689,44.21 €,80490,"[592, 858]","[109, 10]",visa
760,1679425325.0,465,84.3 €,14838,"[391, 964]",[],visa
761,1679473371.0,309,59.55 €,86150,[],"[795, 935]",visa
762,1679447298.0,304,99.2 €,66480,"[636, 298]",[],visa
763,1679443275.0,938,88.31 €,27840,[532],[125],visa
764,1679441240.0,941,19.6 €,31090,"[418, 224, 612]",[510],visa
765,1679418609.0,93,10.32 €,79537,"[707, 952]",[],visa
766,1679431362.0,2,25.48 €,60461,[536],[],visa
767,1679460171.0,684,50.75 €,75514,[439],[],visa
768,1679474432.0,544,61.13 €,32313,[889],[268],visa
769,1679433457.0,660,33.39 €,10942,"[507, 893]",[],visa
770,1679426958.0,157,48.04 €,64977,"[130, 405, 423]","[88, 360]",visa
771,1679465311.0,184,87.01 €,10542,[326],[132],visa
772,1679444081.0,31,91.73 €,3413,"[418, 330]","[870, 228]",visa
773,1679461908.0,742,51.86 €,96262,"[41, 479, 767]","[24, 510]",esp
774,1679436429.0,492,75.88 €,83948,[606],[],esp
775,1679453683.0,521,20.86 €,68531,"[552, 147]",[],visa
776,1679491657.0,211,35.2 €,2788,[1],[721],esp
777,1679417511.0,409,16.17 €,15944,[428],[141],visa
778,1679448915.0,403,46.42 €,84573,[350],"[484, 311]",visa
779,1679418229.0,378,18.65 €,15255,"[212, 553]","[99, 783]",visa
780,1679492271.0,595,83.62 €,15216,"[179, 680]",[437],visa
781,1679422257.0,611,47.65 €,27194,"[306, 743]",[160],visa
782,1679485093.0,947,13.74 €,10533,"[842, 7]","[869, 700]",visa
783,1679474403.0,71,71.82 €,50940,"[88, 555, 428]",[],esp
784,1679409950.0,340,75.44 €,40164,"[235, 693]",[],visa
785,1679451455.0,138,19.71 €,5375,[276],[183],visa
786,1679443632.0,94,15.36 €,43865,"[874, 637, 407]","[58, 795]",esp
787,1679483690.0,686,36.36 €,20602,[454],[923],esp
788,1679485328.0,177,58.92 €,70527,"[348, 431, 658]","[148, 312]",visa
789,1679443291.0,912,25.45 €,76352,[],[],esp
790,1679450599.0,581,55.43 €,42072,[],[510],visa
791,1679427225.0,849,35.65 €,38816,"[643, 590, 858]","[441, 770]",visa
792,1679468551.0,792,81.23 €,91001,"[108, 200]",[],visa
793,1679440066.0,85,85.37 €,62196,[509],[],visa
794,1679443439.0,739,12.78 €,61883,[515],[178],visa
795,1679408558.0,315,52.31 €,77878,[800],[952],visa
796,1679491690.0,920,79.48 €,82569,"[87, 167]","[993, 156]",visa
797,1679437806.0,157,33.25 €,21135,"[163, 516]",[843],visa
798,1679441837.0,148,28.93 €,12221,"[263, 605, 172]",[],visa
799,1679493393.0,959,74.01 €,85108,"[205, 228, 791]","[522, 172]",visa
800,1679454752.0,998,61.64 €,30014,[],[],visa
801,1679478761.0,753,48.97 €,16485,"[746, 615, 39]",[693],visa
802,1679413210.0,194,16.39 €,25115,[],[],esp
803,1679438293.0,422,21.83 €,83343,"[699, 32, 474]","[528, 968]",visa
804,1679488828.0,630,24.6 €,49745,[],[],visa
805,1679473512.0,289,93.51 €,32383,[],[478],visa
806,1679491694.0,531,95.77 €,60606,[],[500],esp
807,1679457368.0,683,32.27 €,10061,"[505, 253]","[133, 863]",esp
808,1679428723.0,816,89.6 €,6057,[587],[641],esp
809,1679426548.0,453,16.42 €,91397,"[393, 866]",[],esp
810,1679438517.0,222,29.9 €,67490,[],[],visa
811,1679487378.0,467,44.28 €,75914,[],[769],visa
812,1679442472.0,298,74.89 €,54649,"[994, 726, 65]","[826, 654]",visa
813,1679450977.0,923,65.2 €,64352,"[935, 286, 823]",[657],visa
814,1679421696.0,519,79.25 €,61850,"[650, 196, 486]",[135],visa
815,1679462553.0,182,29.47 €,73483,[],"[991, 574]",esp
816,1679494196.0,754,54.25 €,99015,[184],[],visa
817,1679483220.0,422,66.46 €,24151,"[424, 236]","[833, 714]",esp
818,1679429982.0,478,44.18 €,78260,"[132, 617, 647]",[329],esp
819,1679478572.0,673,23.23 €,19131,"[279, 384, 545]",[48],visa
820,1679484779.0,627,18.6 €,16175,[192],[],esp
821,1679465539.0,54,97.09 €,58644,"[290, 220, 555]","[769, 1]",esp
822,1679455200.0,497,77.8 €,49925,"[681, 349, 957]",[],visa
823,1679427345.0,477,77.37 €,22923,"[636, 274, 388]",[],visa
824,1679420376.0,350,54.01 €,78914,"[691, 971, 707]",[196],visa
825,1679474946.0,315,35.48 €,6913,[],[],esp
826,1679463279.0,154,19.84 €,10741,[],"[615, 339]",visa
827,1679479282.0,612,97.7 €,80413,[415],[],visa
828,1679411252.0,574,36.93 €,21813,[],"[593, 986]",esp
829,1679432559.0,303,57.59 €,78573,"[52, 601]",[816],visa
830,1679471999.0,125,71.88 €,19490,"[158, 886]",[],visa
831,1679471854.0,550,86.57 €,87216,[769],"[735, 820]",visa
832,1679466817.0,690,87.9 €,8005,"[140, 835, 632]",[781],visa
833,1679477030.0,796,41.67 €,25743,"[466, 685, 504]",[],visa
834,1679486795.0,570,21.97 €,76604,[123],[],visa
835,1679420421.0,869,26.77 €,26906,[344],[632],visa
836,1679429383.0,36,81.68 €,52988,[],"[755, 252]",visa
837,1679481745.0,214,67.49 €,84585,[449],[],visa
838,1679444288.0,337,77.68 €,80569,[613],[],visa
839,1679493242.0,392,90.89 €,58340,[],"[323, 843]",visa
840,1679424446.0,953,32.71 €,2009,[513],[698],visa
841,1679417597.0,198,76.53 €,27659,"[371, 933, 540]",[],esp
842,1679453496.0,385,78.44 €,36069,"[136, 888, 118]","[329, 687]",visa
843,1679423374.0,741,14.66 €,4070,"[839, 8, 712]",[382],visa
844,1679463441.0,872,77.24 €,58877,[1],[358],visa
845,1679472080.0,484,78.77 €,39112,"[872, 286, 781]","[457, 311]",visa
846,1679480414.0,222,90.45 €,75925,"[753, 758]",[],visa
847,1679476706.0,926,37.51 €,14769,"[96, 12]",[],esp
848,1679489023.0,224,21.06 €,82069,[],[],visa
849,1679450778.0,961,93.21 €,35289,[],[],visa
850,1679424506.0,618,23.29 €,80045,[],[614],visa
851,1679484773.0,859,16.53 €,47683,"[869, 214, 515]","[741, 822]",visa
852,1679492185.0,45,60.86 €,71423,[395],"[295, 937]",visa
853,1679484242.0,649,84.26 €,70016,[272],[764],visa
854,1679440497.0,366,16.91 €,57400,"[814, 708]","[818, 287]",visa
855,1679463277.0,787,22.06 €,9653,"[840, 669]",[],esp
856,1679434165.0,375,66.86 €,23669,[],[],visa
857,1679465648.0,840,59.38 €,64544,"[727, 902]",[461],visa
858,1679479544.0,405,16.41 €,6058,"[141, 950]",[],visa
859,1679448065.0,94,98.75 €,6743,"[751, 691]","[959, 869]",esp
860,1679412887.0,824,48.27 €,75090,"[267, 901]",[],esp
861,1679466367.0,460,42.83 €,24873,[],[244],visa
862,1679424651.0,750,58.73 €,63684,[695],[],visa
863,1679486538.0,84,16.24 €,59796,[615],"[105, 847]",visa
864,1679493892.0,94,72.33 €,43323,[502],"[119, 797]",esp
865,1679457628.0,40,21.88 €,11646,"[636, 129]",[],visa
866,1679454108.0,135,70.72 €,64359,"[604, 186, 541]",[],visa
867,1679419628.0,237,42.69 €,85086,"[588, 102]",[9],visa
868,1679450661.0,381,50.36 €,86338,"[64, 916, 16]",[],visa
869,1679492680.0,279,80.33 €,51035,"[884, 846, 182]",[716],esp
870,1679493746.0,964,33.57 €,24782,"[772, 351, 98]",[],visa
871,1679473336.0,59,83.24 €,36992,[],[],visa
872,1679446483.0,49,72.18 €,44061,"[56, 11]",[],esp
873,1679427369.0,897,34.82 €,57444,"[905, 939, 748]","[317, 756]",visa
874,1679438201.0,379,37.8 €,48154,[],[423],visa
875,1679488064.0,216,35.54 €,59820,"[483, 529]","[748, 5]",esp
876,1679453583.0,644,40.0 €,99642,[555],[],visa
877,1679487838.0,590,84.72 €,90279,[],[914],visa
878,1679408985.0,100,58.84 €,18949,[981],[833],visa
879,1679485470.0,38,70.9 €,36045,"[22, 18]","[574, 107]",visa
880,1679420909.0,439,42.96 €,58939,"[158, 938, 560]","[736, 188]",esp
881,1679462759.0,364,31.9 €,82025,"[264, 675]","[308, 937]",visa
882,1679481127.0,136,52.17 €,61513,[878],[749],visa
883,1679491312.0,768,44.41 €,40880,"[868, 658, 457]",[],esp
884,1679409984.0,263,66.93 €,77348,"[634, 763, 747]",[271],visa
885,1679451765.0,259,73.59 €,47884,"[936, 298]",[583],esp
886,1679448145.0,895,82.93 €,80971,[136],[798],visa
887,1679432374.0,988,20.55 €,91061,"[568, 479]","[575, 758]",esp
888,1679439967.0,229,27.72 €,65392,"[42, 67, 809]",[583],visa
889,1679481624.0,218,14.66 €,5508,[817],[786],visa
890,1679474822.0,392,43.09 €,9124,[691],"[136, 222]",esp
891,1679489048.0,449,76.53 €,70727,"[828, 280, 607]",[800],visa
892,1679417257.0,902,87.96 €,98003,"[522, 256]",[696],esp
893,1679433958.0,434,35.46 €,63200,[201],[610],esp
894,1679433679.0,467,13.76 €,91433,"[556, 495, 579]","[775, 815]",visa
895,1679461411.0,580,75.07 €,11997,[148],[],esp
896,1679477420.0,302,48.24 €,86140,"[446, 335, 827]",[463],visa
897,1679453683.0,938,21.34 €,62377,[],[429],visa
898,1679435336.0,483,38.63 €,20665,[333],"[754, 227]",esp
899,1679442405.0,816,28.39 €,80395,"[167, 30]","[222, 942]",visa
900,1679438300.0,535,35.15 €,78253,[],[979],visa
901,1679433088.0,396,94.34 €,63590,[],"[810, 440]",esp
902,1679454353.0,318,70.2 €,42249,"[922, 679]",[],esp
903,1679445486.0,949,35.1 €,20150,"[193, 506, 625]","[566, 723]",esp
904,1679458598.0,126,79.88 €,18104,"[677, 300]",[],visa
905,1679482539.0,164,46.07 €,35652,[],"[523, 811]",visa
906,1679475341.0,699,61.43 €,54869,[],[],visa
907,1679463186.0,269,49.33 €,97230,"[986, 784, 376]",[679],visa
908,1679468306.0,590,21.54 €,55517,[144],"[547, 848]",visa
909,1679437228.0,664,63.67 €,86221,[],[464],visa
910,1679413243.0,813,60.31 €,95908,[],[],esp
911,1679441509.0,789,35.03 €,90603,"[775, 922, 300]",[803],visa
912,1679421692.0,347,38.13 €,94610,[],[],visa
913,1679432242.0,441,59.72 €,95622,[54],"[944, 528]",visa
914,1679465551.0,551,35.31 €,42624,"[727, 606]","[458, 413]",visa
915,1679460567.0,298,13.25 €,90402,[601],[622],visa
916,1679451251.0,57,19.29 €,69897,[355],[52],visa
917,1679454982.0,301,80.03 €,83365,[],"[440, 849]",visa
918,1679479533.0,618,23.37 €,23880,[866],[796],visa
919,1679482479.0,113,65.76 €,64934,[414],"[758, 635]",visa
920,1679429103.0,686,26.79 €,44146,[],[],esp
921,1679455497.0,430,62.58 €,73081,"[414, 469]",[],visa
922,1679436864.0,678,55.46 €,24891,[],[],visa
923,1679416390.0,669,44.62 €,49036,"[344, 400, 516]","[856, 989]",visa
924,1679480070.0,644,53.28 €,82443,[],"[695, 466]",esp
925,1679462120.0,468,25.87 €,42784,"[35, 259]","[963, 496]",esp
926,1679423506.0,244,33.42 €,26135,[243],[3],visa
927,1679490923.0,276,81.74 €,40251,[],[249],visa
928,1679487607.0,584,97.98 €,12525,"[274, 103]",[],esp
929,1679460174.0,188,61.32 €,28749,"[613, 605]","[696, 155]",visa
930,1679450525.0,452,66.07 €,67094,[742],"[276, 689]",visa
931,1679430893.0,53,82.4 €,15103,[371],[100],visa
932,1679408914.0,410,51.79 €,47708,"[272, 536]","[395, 138]",esp
933,1679459567.0,240,18.12 €,28255,"[118, 87]",[463],visa
934,1679491742.0,923,90.12 €,81201,[821],[202],visa
935,1679467909.0,329,28.07 €,62855,[149],[],visa
936,1679455732.0,65,35.54 €,23867,"[839, 64, 315]",[],visa
937,1679478889.0,817,44.84 €,49462,"[206, 984]",[],visa
938,1679460004.0,726,99.85 €,59223,"[828, 91, 766]",[],visa
939,1679417340.0,618,91.85 €,79051,"[636, 302, 599]","[93, 513]",visa
940,1679410174.0,681,26.55 €,942,[896],[494],visa
941,1679432103.0,191,99.21 €,25805,"[376, 127, 879]",[570],esp
942,1679459887.0,383,58.67 €,4423,[15],"[988, 488]",visa
943,1679482863.0,971,33.36 €,92177,"[639, 52]",[],visa
944,1679487711.0,352,90.68 €,41755,[],[547],visa
945,1679431397.0,708,19.74 €,92424,"[654, 857, 930]",[487],visa
946,1679445264.0,59,93.5 €,90418,"[698, 639, 474]",[764],visa
947,1679483180.0,612,60.92 €,72004,[619],[717],visa
948,1679449844.0,810,47.43 €,74228,"[186, 806, 63]",[638],esp
949,1679466701.0,622,46.49 €,62602,[792],[],esp
950,1679471945.0,492,91.0 €,90606,"[328, 370, 433]",[82],visa
951,1679453986.0,326,65.36 €,42853,"[159, 891, 575]","[595, 672]",esp
952,1679427828.0,749,30.61 €,26654,[8],"[904, 920]",esp
953,1679420698.0,654,23.83 €,32665,[],[379],visa
954,1679457002.0,828,63.84 €,8534,[451],[],visa
955,1679490538.0,761,84.4 €,44258,[950],"[394, 231]",esp
956,1679450154.0,862,95.65 €,55763,[787],[388],visa
957,1679467555.0,849,20.46 €,17947,"[768, 534]",[],visa
958,1679444551.0,446,52.13 €,27770,[816],[],visa
959,1679469388.0,308,78.87 €,49452,[],"[983, 984]",visa
960,1679451580.0,191,53.97 €,83220,[],[902],visa
961,1679441505.0,569,76.46 €,87593,[478],[],visa
962,1679479046.0,290,57.47 €,95613,"[940, 551]","[410, 543]",esp
963,1679462500.0,791,12.77 €,37568,[803],"[957, 418]",esp
964,1679430644.0,254,83.55 €,77725,"[452, 454, 722]",[318],esp
965,1679414806.0,491,86.64 €,30080,"[263, 148, 332]","[941, 391]",visa
966,1679474190.0,6,51.44 €,99294,"[481, 597]",[885],visa
967,1679453509.0,692,30.5 €,76770,[],[986],visa
968,1679482177.0,990,66.38 €,63115,"[981, 333, 837]",[],visa
969,1679456064.0,864,63.4 €,57065,[555],[],esp
970,1679481401.0,404,35.37 €,934,"[610, 446, 395]",[980],visa
971,1679438249.0,350,27.46 €,59249,"[528, 486, 209]",[51],visa
972,1679464394.0,679,75.14 €,58490,"[390, 859, 515]","[327, 165]",visa
973,1679473797.0,357,64.65 €,38365,"[322, 970]",[],visa
974,1679489604.0,178,43.58 €,26141,"[902, 99]",[],visa
975,1679464515.0,660,35.42 €,70593,[151],[764],visa
976,1679489853.0,95,34.43 €,52570,[577],"[717, 214]",visa
977,1679484208.0,32,40.53 €,14837,"[950, 452, 94]","[139, 63]",visa
978,1679441042.0,701,69.77 €,88028,"[437, 805, 132]",[],esp
979,1679453929.0,498,80.78 €,51358,[],[],esp
980,1679463512.0,778,46.89 €,80473,"[315, 541]",[],visa
981,1679413960.0,592,46.03 €,23144,"[959, 414, 475]",[237],visa
982,1679476049.0,510,88.3 €,65752,[930],[390],visa
983,1679466692.0,112,86.48 €,50598,"[41, 576, 738]",[590],esp
984,1679454797.0,379,78.45 €,33037,[741],"[96, 595]",visa
985,1679460464.0,764,69.66 €,24203,[],"[942, 124]",esp
986,1679449811.0,638,26.37 €,60624,"[395, 137]",[381],visa
987,1679440840.0,195,54.01 €,48414,[],"[562, 836]",visa
988,1679422993.0,73,30.49 €,12881,"[58, 791]","[725, 276]",visa
989,1679459883.0,240,64.49 €,9045,[],"[71, 615]",visa
990,1679488418.0,35,78.0 €,81208,"[224, 582, 503]","[389, 146]",esp
991,1679442732.0,648,77.58 €,85669,"[614, 746, 380]",[307],visa
992,1679421872.0,831,41.81 €,60429,"[234, 738]","[394, 888]",esp
993,1679413916.0,941,75.1 €,58021,"[535, 595]","[471, 816]",visa
994,1679442787.0,791,92.09 €,36166,"[466, 67, 551]","[339, 989]",visa
995,1679416220.0,188,26.81 €,9446,[],"[871, 377]",visa
996,1679408145.0,636,56.86 €,21278,"[541, 634, 730]",[405],visa
997,1679422559.0,117,62.27 €,84245,"[56, 123]",[207],visa
998,1679438885.0,659,12.42 €,39542,"[939, 528, 919]","[702, 921]",visa
999,1679473919.0,718,44.71 €,77956,[461],[],visa
