,timestamp,magasin,value,client_id,promo_emises,promo_utilise,pay_type
0,1679477202.0,3,37.63 €,27088,[],[],visa
1,1679553828.0,9,20.21 €,24214,"[194, 253, 342]","[415, 249]",visa
2,1679553790.0,2,21.71 €,66779,[],"[695, 832]",visa
3,1679552390.0,9,66.03 €,48242,"[787, 578]",[],visa
4,1679485066.0,2,26.58 €,65119,"[826, 424]",[101],visa
5,1679486300.0,5,59.35 €,6122,"[258, 388, 545]",[635],visa
6,1679523080.0,7,67.69 €,20190,"[591, 101]","[477, 820]",visa
7,1679550978.0,7,30.47 €,29686,"[552, 274, 355]",[],visa
8,1679499195.0,3,80.62 €,51789,"[896, 775]",[],visa
9,1679556238.0,8,63.38 €,90876,[296],[],visa
10,1679509148.0,4,81.7 €,76275,[],[435],visa
11,1679534854.0,3,16.39 €,31510,"[382, 142, 509]",[724],visa
12,1679509146.0,9,81.32 €,84365,"[185, 249, 428]","[304, 139]",visa
13,1679553174.0,5,52.01 €,10781,[802],[358],visa
14,1679530682.0,5,93.93 €,41593,"[341, 914, 566]",[],visa
15,1679510823.0,8,63.88 €,17399,"[506, 972, 92]","[184, 125]",esp
16,1679539318.0,6,62.8 €,4024,"[974, 285, 737]",[893],esp
17,1679557265.0,2,33.28 €,18294,[66],[903],esp
18,1679516690.0,5,14.26 €,73187,[],[849],visa
19,1679497050.0,4,73.12 €,73598,"[172, 28]",[726],visa
20,1679481978.0,4,23.75 €,20496,"[624, 860]",[224],visa
21,1679478473.0,1,73.49 €,60927,[803],"[460, 144]",visa
22,1679545489.0,6,53.89 €,43705,"[354, 510]",[],visa
23,1679488550.0,8,95.05 €,65509,[],[],esp
24,1679483356.0,5,66.66 €,77915,[],"[731, 68]",visa
25,1679503135.0,8,31.71 €,84374,[87],[237],visa
26,1679530517.0,5,65.9 €,52077,[716],[],esp
27,1679516211.0,1,28.56 €,95715,"[333, 821, 936]","[702, 23]",esp
28,1679493505.0,4,60.69 €,13341,"[551, 400]",[],visa
29,1679484397.0,8,45.2 €,41608,"[61, 876]",[],esp
30,1679487254.0,2,63.14 €,55019,[],"[120, 26]",visa
31,1679546860.0,5,93.11 €,60368,"[997, 87, 120]",[],visa
32,1679529745.0,4,59.71 €,75006,[],[],visa
33,1679499464.0,7,79.91 €,5114,"[335, 160, 679]","[576, 976]",visa
34,1679503856.0,6,92.78 €,86428,"[902, 103, 733]",[],visa
35,1679540951.0,6,23.68 €,21708,[],[],visa
36,1679483526.0,9,49.72 €,53376,[],[],visa
37,1679533298.0,2,16.98 €,1602,[353],[],visa
38,1679538124.0,5,32.64 €,45154,[],[],visa
39,1679535923.0,4,67.63 €,6551,[],[],visa
40,1679478006.0,5,15.36 €,24053,"[799, 736]","[489, 764]",visa
41,1679526752.0,7,62.97 €,29126,[178],[],visa
42,1679512367.0,6,31.85 €,42590,"[1, 22]","[749, 822]",visa
43,1679498794.0,7,87.69 €,5551,"[489, 905, 541]",[],visa
44,1679479939.0,2,30.57 €,8499,[],"[942, 14]",visa
45,1679486575.0,7,87.8 €,4329,"[185, 946]","[340, 497]",visa
46,1679543243.0,9,53.34 €,75356,[569],[],visa
47,1679491927.0,2,22.22 €,69345,"[671, 576, 801]",[530],visa
48,1679528252.0,1,71.21 €,78825,[],[976],esp
49,1679497681.0,4,23.19 €,163,"[656, 443, 60]","[311, 329]",visa
50,1679543165.0,6,65.21 €,68471,[78],"[878, 357]",visa
51,1679512476.0,6,85.65 €,15804,[],[],visa
52,1679488732.0,5,40.65 €,81677,"[813, 382, 386]",[359],visa
53,1679537847.0,5,52.14 €,62500,"[733, 337]",[],visa
54,1679498432.0,2,77.53 €,23971,"[963, 582]",[502],visa
55,1679536720.0,2,71.85 €,3524,"[507, 468, 325]","[981, 232]",visa
56,1679522248.0,8,96.81 €,78136,"[850, 437, 763]",[],esp
57,1679560253.0,1,54.94 €,19824,[],[],visa
58,1679490757.0,9,95.01 €,70950,[],"[16, 477]",visa
59,1679502846.0,4,49.03 €,24207,"[53, 43]",[704],visa
60,1679500205.0,1,61.25 €,82063,"[473, 411, 587]",[848],esp
61,1679551559.0,9,95.26 €,92535,"[905, 187]","[22, 905]",visa
62,1679523347.0,9,78.13 €,91005,[],[],visa
63,1679526279.0,2,91.51 €,9241,"[294, 174]",[],esp
64,1679491290.0,1,37.01 €,56487,"[863, 472, 816]",[498],visa
65,1679531384.0,6,68.58 €,55218,"[92, 132]",[],visa
66,1679533189.0,4,36.73 €,73383,[708],[703],visa
67,1679494692.0,7,76.98 €,36967,"[160, 737, 309]","[720, 21]",visa
68,1679533956.0,6,89.84 €,62595,[],"[371, 778]",visa
69,1679522819.0,6,30.96 €,52145,[560],[390],esp
70,1679537145.0,3,34.8 €,47585,"[682, 918]",[],visa
71,1679506176.0,2,63.55 €,6081,"[199, 233]","[862, 309]",visa
72,1679556700.0,3,84.27 €,39723,"[959, 828, 662]","[896, 761]",visa
73,1679539182.0,5,14.1 €,64406,"[1, 678]","[304, 51]",visa
74,1679507766.0,6,42.45 €,98003,[527],[],visa
75,1679553711.0,2,27.99 €,95387,"[36, 682]",[],visa
76,1679492835.0,9,77.43 €,76580,"[134, 676, 232]","[841, 866]",visa
77,1679489988.0,5,53.88 €,16603,"[408, 980]","[153, 913]",visa
78,1679496215.0,5,79.5 €,10145,[],[],visa
79,1679526574.0,4,22.99 €,57013,"[575, 228, 111]","[201, 411]",visa
80,1679515687.0,2,41.28 €,15271,[141],[974],visa
81,1679499341.0,8,67.29 €,71833,[],[403],visa
82,1679482517.0,1,40.84 €,28956,"[822, 498, 145]",[],visa
83,1679535663.0,9,44.7 €,29680,"[93, 366]",[],visa
84,1679509429.0,5,30.53 €,78642,[],"[977, 516]",visa
85,1679511090.0,4,90.69 €,12816,[],"[348, 975]",visa
86,1679520781.0,1,41.13 €,97601,[936],"[938, 28]",visa
87,1679497391.0,3,96.19 €,87342,"[14, 439]",[944],esp
88,1679531821.0,7,54.34 €,90995,[],"[323, 370]",visa
89,1679546258.0,5,21.52 €,9548,[],"[242, 459]",visa
90,1679550155.0,7,90.59 €,50443,"[850, 926]","[57, 722]",visa
91,1679482837.0,3,12.35 €,9406,[],[],visa
92,1679539314.0,9,66.38 €,86362,"[476, 630, 683]","[562, 45]",visa
93,1679509149.0,7,64.01 €,39836,[],[],visa
94,1679512059.0,7,49.08 €,18163,[794],[],visa
95,1679547856.0,7,33.87 €,79033,[119],"[596, 59]",visa
96,1679512236.0,4,28.71 €,64570,[],[],visa
97,1679484943.0,4,23.03 €,27097,[958],"[137, 130]",visa
98,1679554114.0,8,66.23 €,70244,[660],"[826, 932]",visa
99,1679543380.0,6,63.51 €,27220,[],[],visa
100,1679514130.0,6,13.45 €,61616,"[95, 559, 111]",[],visa
101,1679531239.0,6,26.39 €,32062,"[714, 270]","[926, 168]",visa
102,1679498406.0,8,40.65 €,42063,"[884, 509]","[95, 565]",visa
103,1679515286.0,7,61.34 €,22051,"[173, 830, 560]","[319, 667]",visa
104,1679553362.0,5,94.16 €,31662,[],[],visa
105,1679489436.0,8,26.13 €,12977,"[50, 455, 452]",[],visa
106,1679545749.0,4,13.43 €,71458,[],[275],visa
107,1679507836.0,6,58.0 €,39749,"[978, 482, 698]",[],visa
108,1679534306.0,8,68.12 €,23573,[],[],visa
109,1679515774.0,9,55.06 €,36103,"[474, 532]","[416, 139]",visa
110,1679510415.0,4,19.1 €,85434,"[53, 782]",[687],visa
111,1679549270.0,7,87.68 €,91775,[],[462],visa
112,1679499578.0,1,62.05 €,51736,"[308, 236, 904]","[242, 770]",visa
113,1679557997.0,2,92.55 €,46947,"[260, 123, 99]",[],visa
114,1679549470.0,1,51.82 €,11808,"[264, 719]","[618, 680]",visa
115,1679502478.0,4,61.64 €,3859,"[506, 729, 872]",[],visa
116,1679528061.0,4,72.55 €,61930,"[54, 839, 281]","[354, 110]",visa
117,1679541578.0,6,80.09 €,76820,"[242, 943]","[160, 759]",visa
118,1679531956.0,4,48.8 €,65008,[703],[92],esp
119,1679523638.0,9,65.84 €,83939,[],"[184, 53]",visa
120,1679507686.0,8,56.01 €,38503,"[559, 583, 501]",[908],esp
121,1679533066.0,3,31.57 €,30637,"[213, 528]",[],esp
122,1679509487.0,8,13.72 €,15423,[],[],visa
123,1679527166.0,9,33.5 €,14889,[16],"[435, 84]",visa
124,1679488020.0,8,36.51 €,51948,"[287, 340]","[270, 417]",esp
125,1679480533.0,3,59.99 €,70114,"[671, 644]",[683],visa
126,1679480771.0,4,33.82 €,29174,"[91, 34, 382]",[485],visa
127,1679519005.0,1,84.91 €,57404,"[82, 39, 174]",[833],visa
128,1679530647.0,6,82.86 €,59283,"[645, 785]",[325],visa
129,1679527151.0,6,10.18 €,6801,[387],[],visa
130,1679549550.0,5,97.95 €,8619,[],"[602, 952]",visa
131,1679551016.0,6,21.2 €,37092,[],[275],esp
132,1679535337.0,2,87.57 €,18237,"[518, 303, 54]",[],visa
133,1679481160.0,4,35.43 €,8596,[],[655],esp
134,1679542259.0,3,30.83 €,45330,[547],"[310, 745]",visa
135,1679562334.0,4,16.09 €,27936,"[915, 834, 674]",[265],visa
136,1679539475.0,1,63.27 €,65645,"[336, 625]","[361, 77]",visa
137,1679551014.0,9,90.45 €,50997,[170],[65],esp
138,1679513368.0,9,76.11 €,45623,[],[799],visa
139,1679512661.0,5,82.36 €,94423,[920],[],visa
140,1679527642.0,3,66.01 €,12754,"[907, 200, 795]",[417],esp
141,1679516942.0,9,24.58 €,61523,"[176, 289]",[],esp
142,1679502999.0,3,32.67 €,9583,[452],"[386, 1]",visa
143,1679560290.0,4,70.6 €,52790,[],"[239, 557]",visa
144,1679505611.0,7,72.15 €,2830,[],[682],visa
145,1679533858.0,6,92.06 €,98859,"[855, 106]","[542, 993]",visa
146,1679498587.0,3,58.8 €,27855,"[997, 170]",[],visa
147,1679517051.0,9,24.55 €,12551,"[669, 797, 60]","[164, 924]",esp
148,1679484610.0,7,94.21 €,21093,"[231, 133]",[],visa
149,1679492261.0,2,79.71 €,25370,[90],[],esp
150,1679512054.0,1,26.06 €,53427,[686],[],visa
151,1679480541.0,7,52.91 €,37122,"[836, 942, 775]",[704],visa
152,1679551937.0,2,12.27 €,51294,[109],"[783, 321]",esp
153,1679554617.0,8,15.67 €,50714,[],"[990, 387]",esp
154,1679544511.0,7,66.96 €,1027,[],"[60, 601]",visa
155,1679546318.0,6,58.72 €,29963,"[582, 581, 556]","[281, 884]",visa
156,1679526825.0,9,88.91 €,51126,[],[761],visa
157,1679513583.0,4,84.9 €,22668,[],[],visa
158,1679546514.0,9,80.12 €,11629,[],[573],visa
159,1679504418.0,3,96.31 €,40548,[481],[],visa
160,1679499322.0,4,71.37 €,38198,"[464, 340, 727]",[],visa
161,1679527690.0,7,17.48 €,21678,"[478, 137]",[],visa
162,1679558239.0,9,56.16 €,38929,[],[968],visa
163,1679515841.0,8,78.23 €,49745,[],[308],visa
164,1679484181.0,4,41.77 €,93885,[857],"[760, 863]",esp
165,1679500769.0,9,49.39 €,8621,[83],[],esp
166,1679515897.0,9,60.97 €,69195,[253],"[905, 436]",esp
167,1679487208.0,3,99.35 €,18784,[],"[315, 828]",visa
168,1679557147.0,1,86.54 €,12095,"[282, 202, 86]",[],visa
169,1679553914.0,6,96.41 €,14780,[202],"[680, 289]",visa
170,1679556418.0,6,99.4 €,18276,"[743, 333]",[],visa
171,1679477933.0,2,20.3 €,36688,[],"[448, 594]",visa
172,1679477277.0,1,57.02 €,93199,"[860, 866]",[474],visa
173,1679514789.0,5,38.46 €,85810,"[666, 615, 672]",[307],visa
174,1679543322.0,4,39.3 €,90342,[349],[495],visa
175,1679523849.0,6,11.16 €,94356,"[255, 554, 546]",[],visa
176,1679484862.0,7,70.7 €,22838,[],"[220, 883]",visa
177,1679490696.0,6,66.39 €,43780,[150],[156],visa
178,1679520748.0,1,23.85 €,59875,"[298, 457]",[123],visa
179,1679487181.0,2,23.71 €,17390,[11],[786],visa
180,1679480723.0,1,43.31 €,95576,"[778, 853, 384]",[],esp
181,1679527266.0,5,30.59 €,53809,"[101, 588]","[92, 266]",visa
182,1679523807.0,9,81.1 €,57029,[],[],visa
183,1679538048.0,5,59.78 €,69219,[],[],visa
184,1679553808.0,9,75.4 €,46697,[],"[288, 962]",visa
185,1679555528.0,4,23.64 €,89000,"[230, 220, 665]",[],visa
186,1679488591.0,7,75.79 €,7494,"[951, 717, 409]",[],esp
187,1679480750.0,3,33.02 €,45616,"[695, 401, 193]",[537],visa
188,1679487999.0,1,14.77 €,36296,[],[],visa
189,1679542619.0,8,64.97 €,82408,[215],[490],visa
190,1679522646.0,8,56.94 €,49228,[249],[],visa
191,1679501317.0,1,96.95 €,86417,[],"[975, 283]",visa
192,1679561346.0,1,19.07 €,18682,"[273, 234, 270]",[],visa
193,1679542863.0,4,22.1 €,42972,"[149, 346, 836]","[541, 742]",visa
194,1679549816.0,9,88.33 €,4821,"[538, 87, 106]","[687, 444]",visa
195,1679510800.0,2,20.96 €,12495,[],[],visa
196,1679527171.0,1,62.12 €,63699,"[805, 362]",[],visa
197,1679533723.0,7,27.2 €,16073,"[643, 801, 594]","[921, 167]",visa
198,1679494479.0,9,41.21 €,35469,"[504, 39]",[],visa
199,1679547807.0,2,28.13 €,58954,[719],[679],visa
200,1679548875.0,7,91.93 €,54512,"[981, 39]",[875],esp
201,1679525010.0,8,77.42 €,52106,[],[725],visa
202,1679557388.0,8,58.38 €,23821,[],"[106, 870]",esp
203,1679504065.0,1,72.21 €,7813,"[487, 996, 198]",[],visa
204,1679523323.0,8,27.06 €,5123,[388],"[867, 892]",visa
205,1679476829.0,6,99.78 €,82682,"[243, 459, 470]",[],visa
206,1679491410.0,8,39.39 €,73425,[83],[],visa
207,1679529598.0,3,92.13 €,96864,[388],"[348, 54]",esp
208,1679558856.0,1,69.58 €,58294,[],[9],visa
209,1679521339.0,7,87.01 €,90232,"[10, 490, 365]",[],visa
210,1679503525.0,5,63.67 €,23342,"[725, 884]","[460, 951]",visa
211,1679491551.0,5,10.58 €,62297,"[299, 587]",[954],esp
212,1679486699.0,9,61.86 €,75459,"[595, 683]","[116, 283]",visa
213,1679555894.0,2,90.8 €,78980,"[292, 49, 656]",[],visa
214,1679525592.0,7,77.69 €,62296,[],[144],visa
215,1679512241.0,6,84.0 €,7760,"[180, 579, 763]",[510],visa
216,1679478159.0,8,45.22 €,99463,"[830, 674]",[],esp
217,1679515705.0,4,97.75 €,52785,"[475, 327, 863]","[871, 510]",visa
218,1679527767.0,2,92.71 €,86206,"[73, 481]","[158, 819]",visa
219,1679555704.0,5,49.74 €,82067,"[624, 558, 753]",[],visa
220,1679488055.0,6,97.0 €,6546,[241],[867],visa
221,1679505997.0,5,12.12 €,28216,"[585, 103]",[],visa
222,1679478412.0,9,24.04 €,28818,[],[],visa
223,1679532209.0,1,33.34 €,73874,[961],[],visa
224,1679492746.0,4,95.79 €,387,[286],[71],visa
225,1679515168.0,4,44.75 €,6649,[968],[144],visa
226,1679552329.0,8,23.88 €,56244,"[311, 482, 545]","[596, 91]",visa
227,1679532642.0,8,23.92 €,62018,"[663, 506, 545]",[],visa
228,1679561696.0,3,97.1 €,98208,"[165, 180, 704]",[],esp
229,1679508918.0,1,89.28 €,2922,[208],[],visa
230,1679515924.0,8,62.32 €,92038,[70],"[731, 920]",visa
231,1679502268.0,2,17.99 €,78438,"[375, 403]",[910],visa
232,1679530395.0,9,30.9 €,31426,[],[],esp
233,1679531485.0,4,59.35 €,20222,"[497, 241]",[],esp
234,1679521553.0,1,18.56 €,78020,"[990, 179, 431]","[348, 922]",visa
235,1679509007.0,2,64.55 €,21042,"[488, 580, 24]","[901, 49]",visa
236,1679495007.0,3,81.81 €,66731,[844],[772],visa
237,1679548578.0,6,97.16 €,41168,"[584, 323]",[],esp
238,1679498313.0,1,69.69 €,29316,[34],"[377, 715]",esp
239,1679523413.0,7,27.41 €,3364,[454],[893],visa
240,1679490866.0,9,55.65 €,69785,"[87, 291, 678]",[],visa
241,1679480699.0,4,24.65 €,66574,"[708, 311]","[931, 757]",esp
242,1679534085.0,8,24.4 €,94631,"[390, 788, 660]",[],visa
243,1679511640.0,9,51.75 €,61975,"[434, 269]",[190],visa
244,1679536008.0,7,46.67 €,70884,"[982, 821, 951]","[291, 757]",esp
245,1679509842.0,8,59.42 €,6393,[409],[],visa
246,1679483628.0,3,79.48 €,7757,"[334, 879]","[972, 484]",visa
247,1679534497.0,5,53.11 €,59138,"[885, 333, 9]",[407],visa
248,1679559437.0,5,72.39 €,61479,[],[348],visa
249,1679514405.0,3,94.31 €,27095,"[201, 293]",[559],visa
250,1679482461.0,4,50.09 €,46251,[758],[104],visa
251,1679532629.0,9,29.03 €,28302,[495],[],esp
252,1679538020.0,5,94.14 €,30992,[83],"[94, 309]",visa
253,1679550530.0,3,55.66 €,23960,"[543, 285]",[702],visa
254,1679546203.0,4,81.44 €,7055,"[666, 904, 40]","[659, 17]",visa
255,1679498857.0,4,57.82 €,58501,"[197, 619, 897]","[466, 837]",visa
256,1679481383.0,4,83.01 €,23159,"[619, 525, 520]",[],visa
257,1679554410.0,4,55.65 €,32885,"[700, 870, 517]",[],esp
258,1679543373.0,2,85.86 €,54828,[],[],visa
259,1679558940.0,1,81.47 €,17406,[],[188],visa
260,1679510089.0,4,64.95 €,46258,[],[],visa
261,1679497450.0,4,42.08 €,90653,"[209, 497, 177]",[671],esp
262,1679507630.0,7,53.44 €,37682,"[213, 909]",[],esp
263,1679494943.0,2,12.89 €,80111,"[253, 157]",[765],esp
264,1679555572.0,9,25.26 €,69779,[201],[110],visa
265,1679504432.0,7,54.64 €,44145,[924],[],visa
266,1679554424.0,5,49.63 €,25451,"[340, 652]","[262, 61]",visa
267,1679535724.0,2,88.84 €,56768,"[331, 910]",[],esp
268,1679497214.0,6,79.47 €,50467,"[899, 764]",[53],visa
269,1679542584.0,5,60.87 €,9875,[291],[37],esp
270,1679534981.0,2,48.58 €,94336,[],[730],esp
271,1679542621.0,4,30.68 €,61629,[890],"[703, 640]",visa
272,1679480619.0,2,16.69 €,48012,"[537, 271]","[612, 94]",visa
273,1679527292.0,8,35.18 €,39362,[433],"[954, 956]",visa
274,1679495427.0,3,32.73 €,56108,[],[352],visa
275,1679495947.0,8,81.93 €,16425,[],"[412, 474]",visa
276,1679483390.0,8,77.13 €,29591,[630],"[802, 692]",visa
277,1679555413.0,1,58.26 €,54212,[],[960],visa
278,1679543191.0,8,93.49 €,74529,"[427, 920]",[583],visa
279,1679537839.0,9,88.34 €,88867,"[708, 329, 404]",[416],visa
280,1679559666.0,4,25.04 €,11015,"[249, 52]",[],visa
281,1679520640.0,6,40.51 €,60296,[],"[42, 204]",visa
282,1679506652.0,6,86.85 €,80763,"[188, 888, 192]",[7],visa
283,1679529441.0,6,21.79 €,11809,"[899, 76]",[],visa
284,1679545138.0,3,97.5 €,44689,[727],"[433, 816]",esp
285,1679482752.0,1,99.81 €,74017,[159],[21],visa
286,1679531925.0,2,12.39 €,31344,[],"[926, 384]",visa
287,1679550086.0,8,31.73 €,13426,"[519, 35]","[829, 196]",visa
288,1679484291.0,9,78.74 €,14727,"[735, 868, 601]","[811, 976]",visa
289,1679488115.0,3,66.13 €,82254,"[966, 106]",[802],esp
290,1679524854.0,5,97.82 €,42021,"[791, 440, 476]",[790],visa
291,1679515168.0,2,29.07 €,32845,[],[563],visa
292,1679544880.0,1,34.12 €,41404,"[475, 862, 903]",[],visa
293,1679494486.0,6,60.57 €,37854,[],[],visa
294,1679542177.0,8,72.13 €,44379,[],[960],visa
295,1679546488.0,4,64.24 €,12470,"[403, 158, 124]",[815],visa
296,1679535801.0,2,38.23 €,12972,[735],"[552, 437]",visa
297,1679521502.0,4,43.87 €,1499,"[201, 953]","[752, 814]",esp
298,1679558252.0,4,93.16 €,80317,[448],[],visa
299,1679509755.0,1,91.4 €,82440,[],[],esp
300,1679558671.0,7,19.3 €,13237,[],[81],visa
301,1679549194.0,7,26.76 €,74410,"[57, 407]","[559, 18]",visa
302,1679515728.0,6,96.11 €,471,[926],"[295, 780]",visa
303,1679541967.0,2,34.82 €,15203,"[944, 518]","[349, 766]",esp
304,1679558017.0,9,85.73 €,99741,[3],[53],esp
305,1679560162.0,5,96.1 €,12008,[],[],visa
306,1679504828.0,2,22.19 €,76857,[],[],visa
307,1679479917.0,6,49.89 €,97344,[],[415],visa
308,1679534355.0,6,20.09 €,60998,"[105, 514]",[],esp
309,1679526286.0,4,35.43 €,30398,[],[690],visa
310,1679496185.0,2,78.79 €,17650,"[217, 822]",[228],visa
311,1679546314.0,2,66.29 €,41355,[149],[299],visa
312,1679535220.0,9,53.88 €,50060,[359],"[293, 878]",visa
313,1679541950.0,6,83.5 €,66692,[678],[320],visa
314,1679510666.0,2,26.71 €,59868,[807],[],visa
315,1679489872.0,6,30.24 €,2554,[],[774],visa
316,1679507762.0,9,76.71 €,81231,[],[68],visa
317,1679520468.0,7,96.49 €,39095,[],[559],visa
318,1679486419.0,2,90.42 €,32576,[],[600],esp
319,1679538399.0,7,69.44 €,90586,"[706, 686, 489]","[165, 756]",visa
320,1679529623.0,5,52.09 €,79866,"[890, 757, 529]",[],visa
321,1679496106.0,6,73.76 €,94787,[],[],visa
322,1679500483.0,9,85.0 €,9888,[],[821],visa
323,1679530004.0,3,42.59 €,51070,"[756, 987, 695]","[564, 653]",visa
324,1679530053.0,8,36.51 €,42628,"[570, 496, 228]",[699],visa
325,1679490105.0,3,92.11 €,84515,"[944, 704, 362]",[101],visa
326,1679527448.0,9,33.86 €,21053,"[982, 489, 246]",[],visa
327,1679514074.0,9,81.57 €,20584,"[359, 195, 253]","[367, 285]",visa
328,1679509772.0,7,75.13 €,27280,[950],[570],visa
329,1679522196.0,2,50.01 €,75110,"[189, 227]","[958, 859]",visa
330,1679539644.0,7,96.29 €,57418,[106],"[956, 949]",visa
331,1679482999.0,6,34.52 €,71638,"[468, 798]",[321],visa
332,1679499633.0,7,81.89 €,49545,"[113, 145, 633]",[784],visa
333,1679508052.0,7,41.21 €,51727,"[2, 42]",[],visa
334,1679545413.0,7,30.42 €,22581,[500],[912],visa
335,1679495212.0,5,13.42 €,76971,[433],[],visa
336,1679547304.0,4,83.51 €,59710,[],[431],visa
337,1679505346.0,2,67.48 €,69911,"[925, 609]","[391, 963]",visa
338,1679555952.0,8,94.44 €,62296,"[423, 385]",[648],visa
339,1679477358.0,6,92.41 €,86663,"[628, 157]",[951],visa
340,1679542422.0,2,72.9 €,43950,[252],[866],visa
341,1679561235.0,7,90.02 €,8781,[],"[25, 769]",visa
342,1679483313.0,8,33.77 €,48530,"[427, 308]",[],visa
343,1679545771.0,6,10.45 €,73141,"[916, 174, 286]","[439, 76]",visa
344,1679517068.0,5,96.56 €,37187,[684],"[292, 652]",esp
345,1679531247.0,9,16.6 €,94894,"[916, 138, 463]",[373],visa
346,1679482817.0,7,24.1 €,53833,"[496, 770]",[],visa
347,1679502473.0,7,68.87 €,87387,"[400, 243]","[602, 277]",visa
348,1679481559.0,2,90.42 €,21814,[246],[416],visa
349,1679548773.0,9,44.3 €,23823,"[638, 157]","[743, 544]",visa
350,1679546457.0,8,58.16 €,21896,[113],[582],visa
351,1679483949.0,5,94.57 €,17430,[],[187],visa
352,1679479688.0,4,32.34 €,52519,"[474, 499, 776]",[],visa
353,1679536166.0,8,33.55 €,46651,[145],"[772, 21]",visa
354,1679528888.0,3,17.55 €,10280,[989],"[247, 926]",visa
355,1679526722.0,6,34.29 €,81808,"[303, 49, 464]","[895, 184]",visa
356,1679533693.0,2,19.3 €,835,"[902, 387, 789]",[],visa
357,1679497654.0,6,70.51 €,76991,[932],[],visa
358,1679484531.0,9,58.33 €,37226,[],[],visa
359,1679548019.0,9,65.84 €,66812,[794],[],visa
360,1679491919.0,1,59.35 €,8492,"[915, 799]",[498],visa
361,1679519183.0,8,54.43 €,16003,"[892, 298, 328]",[],visa
362,1679489587.0,9,81.41 €,58974,"[85, 855]",[],visa
363,1679512461.0,9,39.97 €,45124,[895],[893],esp
364,1679502255.0,2,77.03 €,25988,"[346, 194, 792]",[],visa
365,1679491657.0,5,81.2 €,35790,"[899, 541, 377]",[973],visa
366,1679491730.0,2,98.32 €,69644,"[998, 166]","[390, 873]",visa
367,1679535191.0,6,53.42 €,75665,[],[48],visa
368,1679531880.0,5,19.17 €,17932,[903],"[321, 480]",esp
369,1679480370.0,6,36.68 €,46790,[],[915],visa
370,1679501830.0,2,99.06 €,99462,"[133, 378, 714]","[233, 132]",visa
371,1679511663.0,1,37.89 €,70780,"[973, 189, 977]",[78],visa
372,1679512756.0,8,47.56 €,24742,"[179, 207]","[285, 544]",visa
373,1679535846.0,9,63.56 €,92319,[],"[116, 499]",visa
374,1679556493.0,3,34.11 €,58028,[],"[507, 54]",visa
375,1679533636.0,7,24.92 €,41064,"[692, 868]",[],visa
376,1679541057.0,9,54.73 €,73472,[615],[466],visa
377,1679559009.0,1,85.69 €,61328,"[306, 45, 830]",[],esp
378,1679527137.0,5,43.94 €,8894,"[324, 144]",[270],visa
379,1679480598.0,5,75.85 €,2714,[],[],visa
380,1679500465.0,8,99.33 €,42023,[],[],visa
381,1679534276.0,7,42.86 €,36999,[],"[192, 192]",visa
382,1679535051.0,4,42.66 €,30126,[],"[999, 12]",visa
383,1679514255.0,7,18.42 €,85175,[247],[130],visa
384,1679482825.0,4,26.19 €,5355,[],[],visa
385,1679510654.0,9,66.88 €,58415,[],[],esp
386,1679558827.0,5,18.73 €,80530,[110],[],visa
387,1679528581.0,3,82.77 €,29010,[],"[976, 89]",visa
388,1679525903.0,3,97.82 €,92045,"[581, 203, 594]",[202],esp
389,1679526247.0,5,33.25 €,28208,[144],[969],visa
390,1679509794.0,6,80.4 €,31496,[],[407],esp
391,1679509259.0,8,57.64 €,34623,[440],"[834, 497]",esp
392,1679509120.0,4,44.63 €,20062,[692],"[324, 253]",esp
393,1679482398.0,3,75.63 €,24653,[521],"[425, 346]",visa
394,1679480570.0,1,94.9 €,50308,"[681, 998]","[32, 151]",visa
395,1679494163.0,5,11.45 €,29681,"[53, 908, 366]","[904, 794]",visa
396,1679549890.0,1,45.99 €,70815,[127],[583],visa
397,1679506995.0,4,85.19 €,63000,"[672, 240]","[766, 255]",visa
398,1679483980.0,6,65.73 €,85439,"[178, 178]",[883],visa
399,1679557870.0,5,69.68 €,64608,"[971, 209, 637]","[752, 434]",visa
400,1679513149.0,7,51.55 €,76887,[],"[247, 993]",visa
401,1679507855.0,3,53.12 €,505,"[3, 152, 223]",[519],visa
402,1679485913.0,7,21.33 €,70085,[265],"[165, 24]",visa
403,1679511760.0,3,38.91 €,57664,"[19, 392, 731]",[571],visa
404,1679529937.0,7,22.92 €,74942,[],[],visa
405,1679531293.0,9,56.74 €,16374,"[467, 641]",[],esp
406,1679483603.0,1,18.87 €,58179,[364],[],visa
407,1679562190.0,1,87.78 €,54012,[],[981],visa
408,1679515536.0,6,70.45 €,59551,[],[288],esp
409,1679501753.0,8,85.49 €,50297,[673],[359],visa
410,1679491452.0,4,23.2 €,13316,"[245, 516, 85]","[837, 641]",esp
411,1679561947.0,6,21.24 €,26940,[],[625],esp
412,1679538100.0,8,99.61 €,23871,"[539, 85]",[22],esp
413,1679527924.0,3,41.56 €,53752,[505],[211],visa
414,1679517139.0,6,69.33 €,76722,[124],[],visa
415,1679477761.0,9,40.07 €,88007,[101],[674],visa
416,1679540140.0,3,35.2 €,87755,[],[190],esp
417,1679507826.0,1,55.09 €,90120,[49],[504],visa
418,1679524239.0,6,15.89 €,62826,"[629, 786]","[866, 937]",esp
419,1679504750.0,5,93.91 €,57552,[274],[],visa
420,1679499827.0,8,67.37 €,77713,[],"[43, 703]",visa
421,1679525877.0,3,18.44 €,91358,[],[],visa
422,1679541404.0,1,51.83 €,82495,[],"[55, 496]",visa
423,1679502009.0,6,67.87 €,15551,[61],[312],visa
424,1679533376.0,8,80.17 €,62944,"[513, 883]",[],visa
425,1679496270.0,2,79.72 €,21727,[],[],visa
426,1679543775.0,4,93.15 €,35935,[175],"[786, 255]",visa
427,1679553896.0,1,52.07 €,67672,"[814, 885, 198]","[20, 638]",visa
428,1679552713.0,4,53.95 €,72561,[],"[986, 798]",esp
429,1679550529.0,9,53.07 €,16088,"[859, 128, 203]","[900, 862]",visa
430,1679547637.0,9,53.77 €,56988,[],"[517, 683]",visa
431,1679505571.0,7,76.55 €,84625,"[825, 570]","[532, 734]",visa
432,1679520852.0,8,58.24 €,57930,[],[],visa
433,1679503183.0,9,72.89 €,38723,[],[],visa
434,1679549685.0,3,53.26 €,54048,"[302, 933, 360]",[],esp
435,1679541463.0,9,38.51 €,35766,"[397, 468, 483]",[264],visa
436,1679503777.0,5,57.2 €,95593,"[172, 335]",[181],visa
437,1679550388.0,5,14.99 €,43475,"[262, 240, 288]",[465],esp
438,1679532612.0,8,18.14 €,33321,"[339, 261]",[],visa
439,1679536978.0,7,76.98 €,20045,"[815, 462, 406]","[946, 698]",visa
440,1679548394.0,8,38.86 €,39809,"[658, 821, 208]",[],visa
441,1679555181.0,2,43.82 €,80153,[703],[966],visa
442,1679519099.0,5,87.93 €,18132,[],[515],visa
443,1679539819.0,2,97.28 €,49830,[256],"[783, 112]",visa
444,1679492287.0,2,80.51 €,87112,"[329, 642]",[],visa
445,1679483107.0,4,42.98 €,72529,"[282, 391]",[486],visa
446,1679520185.0,4,47.74 €,55160,"[595, 983]","[410, 119]",visa
447,1679522287.0,1,10.81 €,20923,"[146, 324]",[],visa
448,1679496957.0,7,82.27 €,13182,[168],[],visa
449,1679548649.0,9,46.33 €,20182,"[45, 400, 821]",[962],visa
450,1679562440.0,4,90.31 €,17654,"[870, 444]",[],visa
451,1679499730.0,8,62.22 €,7565,"[217, 684, 405]",[848],visa
452,1679531983.0,3,79.73 €,44330,"[8, 351, 440]",[673],visa
453,1679549299.0,6,52.94 €,40306,"[276, 908, 87]",[152],visa
454,1679512952.0,7,26.88 €,20688,[231],"[561, 184]",visa
455,1679523599.0,2,60.31 €,69717,"[394, 330, 328]",[],visa
456,1679488905.0,1,70.36 €,65284,[],[132],visa
457,1679512563.0,6,63.39 €,29342,[],[687],visa
458,1679495994.0,9,66.31 €,22105,"[933, 393]","[359, 714]",visa
459,1679531291.0,6,72.04 €,15384,[346],[],visa
460,1679536293.0,7,63.11 €,37144,"[947, 406]",[22],visa
461,1679497197.0,9,81.43 €,97803,"[751, 228]",[],visa
462,1679535230.0,9,80.09 €,39228,[],[837],visa
463,1679545331.0,9,22.37 €,23094,"[114, 729, 404]",[],visa
464,1679503917.0,7,87.28 €,61770,"[197, 987, 205]","[658, 84]",visa
465,1679478387.0,4,43.66 €,26682,[352],[],visa
466,1679501558.0,4,54.73 €,44897,[],"[604, 511]",esp
467,1679504356.0,1,91.48 €,63419,[],"[202, 5]",esp
468,1679476347.0,9,13.14 €,61947,"[532, 833, 938]",[219],esp
469,1679482774.0,5,20.08 €,20888,"[199, 392, 488]",[],visa
470,1679545737.0,1,94.99 €,66623,"[793, 59, 656]","[212, 79]",esp
471,1679560941.0,9,51.23 €,15340,"[949, 869, 72]",[957],visa
472,1679552741.0,7,85.48 €,95083,[442],"[168, 280]",visa
473,1679539631.0,9,74.15 €,81452,"[675, 722]","[268, 291]",visa
474,1679551261.0,6,56.02 €,90166,"[248, 487, 847]",[189],visa
475,1679558969.0,3,52.95 €,65379,[452],[804],visa
476,1679488919.0,6,11.36 €,7644,[],[432],visa
477,1679497044.0,2,11.5 €,33605,"[752, 298]",[],esp
478,1679480401.0,9,44.7 €,11812,[],[546],visa
479,1679541034.0,3,73.98 €,25732,[935],"[530, 592]",visa
480,1679515353.0,6,66.64 €,44315,[806],[88],esp
481,1679484647.0,1,66.67 €,99519,[],[],visa
482,1679531724.0,5,34.85 €,25473,[248],[262],visa
483,1679500713.0,5,98.68 €,75513,[367],[],visa
484,1679500565.0,5,97.36 €,61154,"[853, 197, 882]","[183, 338]",esp
485,1679548379.0,9,77.97 €,95760,"[778, 967, 220]",[803],visa
486,1679497577.0,5,34.83 €,45771,[],[664],visa
487,1679544262.0,6,38.08 €,77736,[],"[571, 615]",esp
488,1679520602.0,1,34.98 €,19440,"[202, 277, 980]",[943],visa
489,1679498087.0,4,70.91 €,95144,[647],[932],visa
490,1679476997.0,6,18.08 €,37533,"[702, 999, 556]","[295, 433]",esp
491,1679512205.0,6,48.09 €,56421,"[841, 806]",[],esp
492,1679520177.0,2,89.76 €,75419,[],[],visa
493,1679519505.0,6,62.58 €,49322,[],"[334, 390]",visa
494,1679550995.0,2,86.56 €,85792,[],"[839, 217]",visa
495,1679524523.0,2,89.05 €,97511,"[362, 868, 310]","[975, 938]",visa
496,1679540552.0,1,85.61 €,92880,[783],"[142, 367]",visa
497,1679482819.0,1,26.25 €,70299,[954],"[649, 46]",visa
498,1679499633.0,3,97.01 €,81918,[498],[],visa
499,1679520527.0,2,56.15 €,81530,[],[],visa
500,1679510653.0,8,24.72 €,36165,"[356, 738, 184]",[941],visa
501,1679492666.0,4,53.05 €,16032,"[366, 132, 346]",[760],visa
502,1679511040.0,2,76.82 €,31555,"[190, 106, 453]",[135],visa
503,1679536009.0,1,50.99 €,40015,[],"[822, 28]",visa
504,1679487107.0,7,21.27 €,70083,[131],[235],esp
505,1679508137.0,5,82.14 €,31382,[],"[480, 199]",esp
506,1679518159.0,3,39.04 €,89400,[],[],visa
507,1679507058.0,7,66.01 €,46582,"[666, 148, 119]","[869, 478]",visa
508,1679512602.0,5,17.17 €,62717,[604],[286],visa
509,1679503187.0,2,98.24 €,3091,[],[760],visa
510,1679521973.0,4,29.84 €,48912,[472],[422],visa
511,1679525196.0,2,62.32 €,94936,"[566, 814]",[511],visa
512,1679501032.0,4,42.93 €,47584,"[254, 846]","[275, 507]",esp
513,1679542413.0,6,68.25 €,67600,"[982, 388]",[142],esp
514,1679480466.0,6,46.96 €,49646,"[533, 609, 64]","[227, 935]",visa
515,1679530021.0,6,48.87 €,61976,"[218, 436, 762]","[504, 168]",esp
516,1679484525.0,8,74.25 €,76271,[],[],esp
517,1679514534.0,5,48.32 €,97689,"[980, 809, 150]",[],visa
518,1679533561.0,8,55.05 €,45378,"[812, 25, 678]",[721],visa
519,1679526033.0,3,28.77 €,76383,[733],[],visa
520,1679543984.0,2,23.07 €,17301,[],[],visa
521,1679510321.0,1,97.29 €,62315,[659],"[825, 907]",visa
522,1679552396.0,4,34.3 €,22036,[],[],visa
523,1679520110.0,5,29.14 €,53554,[431],[18],visa
524,1679485386.0,4,19.29 €,27281,[440],"[367, 606]",visa
525,1679560302.0,3,66.06 €,17902,"[664, 770]","[934, 183]",visa
526,1679507905.0,4,57.58 €,91895,"[315, 149]","[393, 543]",visa
527,1679488157.0,1,38.45 €,55832,"[135, 4, 597]","[547, 733]",esp
528,1679531773.0,4,22.81 €,53359,[490],[],visa
529,1679562164.0,3,26.69 €,93992,"[40, 35]",[815],visa
530,1679552206.0,1,56.78 €,57936,"[437, 27]","[367, 966]",visa
531,1679551015.0,6,36.29 €,76600,"[399, 518]","[716, 253]",visa
532,1679488131.0,4,77.58 €,77151,"[213, 449, 806]",[512],esp
533,1679539689.0,4,43.82 €,17912,"[999, 698, 138]",[293],visa
534,1679487666.0,6,14.96 €,48775,"[406, 567]",[133],esp
535,1679484417.0,6,71.21 €,34118,"[572, 71, 503]",[],visa
536,1679555775.0,5,67.49 €,43992,"[991, 238, 809]","[362, 329]",visa
537,1679491019.0,1,66.57 €,26404,"[417, 793, 379]",[],visa
538,1679497731.0,7,41.44 €,66154,[654],[],visa
539,1679529818.0,1,91.11 €,29223,[409],[],esp
540,1679518940.0,3,36.49 €,82159,[809],[154],visa
541,1679553084.0,6,68.68 €,40799,"[794, 546, 786]",[],visa
542,1679485702.0,9,50.32 €,140,"[246, 857, 367]",[223],visa
543,1679551872.0,5,71.0 €,99579,"[722, 787, 525]",[],visa
544,1679546639.0,4,60.59 €,5889,"[475, 782, 353]","[80, 952]",visa
545,1679490274.0,2,97.84 €,26549,"[384, 438, 503]",[106],visa
546,1679517067.0,8,72.73 €,92406,"[473, 990]",[],visa
547,1679488659.0,6,37.77 €,70084,"[390, 160, 293]","[157, 520]",visa
548,1679492161.0,7,54.12 €,2230,"[119, 691, 758]",[],esp
549,1679523180.0,2,65.99 €,66534,[460],[],visa
550,1679521593.0,9,23.78 €,30597,[],"[974, 359]",visa
551,1679484239.0,9,89.24 €,85326,"[138, 537]",[541],visa
552,1679480041.0,6,29.23 €,7084,"[484, 81]",[],visa
553,1679562593.0,7,82.47 €,29364,[],[],visa
554,1679484225.0,4,32.3 €,20173,"[444, 27]",[],visa
555,1679487012.0,4,67.68 €,51381,[284],[],visa
556,1679543798.0,2,26.09 €,69169,[630],[114],visa
557,1679476334.0,4,33.6 €,70576,"[102, 235, 106]",[83],visa
558,1679488505.0,4,27.89 €,92387,"[950, 435, 610]",[584],esp
559,1679527000.0,4,88.35 €,12592,"[33, 749, 848]","[381, 19]",visa
560,1679532669.0,8,89.63 €,94598,[],[840],visa
561,1679519342.0,3,62.95 €,68571,[139],[],visa
562,1679549473.0,5,99.13 €,54600,"[403, 621, 285]","[166, 757]",esp
563,1679497182.0,5,77.9 €,61003,"[173, 130]",[39],visa
564,1679527043.0,6,60.34 €,71161,[],[],visa
565,1679488628.0,6,16.39 €,57623,"[424, 194, 699]",[],visa
566,1679526237.0,8,57.46 €,95982,[],"[31, 618]",visa
567,1679503916.0,9,53.41 €,59999,[],[687],visa
568,1679557817.0,2,69.92 €,43140,"[44, 301]",[921],visa
569,1679485936.0,5,55.19 €,92684,"[917, 50, 389]",[557],visa
570,1679489486.0,8,46.73 €,59175,[],[],esp
571,1679481777.0,8,91.88 €,521,"[122, 642, 427]",[],visa
572,1679538017.0,4,23.4 €,20167,[877],[475],visa
573,1679486134.0,7,40.97 €,97026,[463],[161],visa
574,1679479169.0,1,76.48 €,17754,"[899, 338]",[414],esp
575,1679509903.0,6,94.83 €,44630,[385],"[169, 97]",visa
576,1679492096.0,1,50.45 €,4814,"[843, 655]",[101],visa
577,1679543644.0,8,83.64 €,57112,[427],"[571, 976]",visa
578,1679485764.0,7,90.5 €,1542,"[854, 620, 392]","[27, 512]",visa
579,1679476789.0,7,10.2 €,7148,[908],"[411, 193]",visa
580,1679506183.0,1,20.96 €,10166,"[283, 288]",[146],visa
581,1679518410.0,1,20.3 €,58344,"[746, 602]",[441],visa
582,1679538061.0,7,69.83 €,98802,"[358, 592, 537]","[164, 477]",visa
583,1679527334.0,1,75.17 €,11942,[],"[563, 715]",esp
584,1679556100.0,5,93.16 €,48939,"[387, 788]",[],visa
585,1679542363.0,7,70.06 €,75558,"[230, 219]",[475],visa
586,1679514660.0,1,67.08 €,41450,[],"[878, 547]",visa
587,1679536087.0,6,94.37 €,90654,"[185, 526]","[789, 522]",visa
588,1679497496.0,4,74.4 €,86795,[],[],visa
589,1679545933.0,8,33.27 €,34650,"[714, 826]","[993, 734]",esp
590,1679529805.0,9,95.61 €,94921,"[252, 606]",[442],visa
591,1679520018.0,6,90.84 €,22096,"[696, 697]",[],esp
592,1679508437.0,4,50.82 €,72255,"[711, 797, 991]",[71],esp
593,1679545833.0,4,73.65 €,41006,"[165, 593]","[861, 236]",esp
594,1679538458.0,3,33.06 €,77718,[],"[904, 955]",visa
595,1679526876.0,4,78.7 €,19659,"[521, 155]",[],visa
596,1679480172.0,5,29.79 €,38937,[795],[488],visa
597,1679504158.0,8,55.29 €,74030,[473],[],visa
598,1679529853.0,5,64.55 €,8610,"[692, 112]",[],visa
599,1679551818.0,6,82.25 €,40030,[527],"[748, 37]",esp
600,1679490662.0,1,94.58 €,12428,[],[],visa
601,1679498788.0,6,80.52 €,5014,"[922, 760]","[170, 925]",visa
602,1679478562.0,9,46.15 €,58889,"[401, 779, 588]",[246],visa
603,1679497352.0,8,52.01 €,89441,[811],[760],esp
604,1679542039.0,2,23.38 €,10364,[153],[],visa
605,1679479469.0,3,92.97 €,93155,"[627, 867]",[608],visa
606,1679554105.0,1,22.88 €,64349,"[455, 679]",[160],visa
607,1679514323.0,3,76.96 €,16481,[],[],visa
608,1679490484.0,2,10.98 €,89791,[],[],esp
609,1679529821.0,8,40.1 €,58397,[438],"[379, 999]",visa
610,1679521608.0,6,81.58 €,23984,[],[140],visa
611,1679476520.0,8,16.56 €,30635,"[152, 346]",[752],visa
612,1679516108.0,6,21.44 €,72717,"[170, 553, 506]",[229],visa
613,1679500903.0,6,54.37 €,78854,[],[970],esp
614,1679478844.0,2,99.33 €,18481,[],[970],visa
615,1679557309.0,2,46.05 €,8067,"[309, 740]","[195, 863]",visa
616,1679504923.0,4,10.75 €,40436,[832],"[37, 647]",visa
617,1679507780.0,8,62.95 €,67201,[],[],esp
618,1679487904.0,9,95.72 €,93866,"[164, 545, 608]",[],visa
619,1679538538.0,4,82.68 €,80379,"[61, 925]",[253],esp
620,1679546311.0,6,25.96 €,15102,"[495, 911]",[],visa
621,1679529940.0,6,99.72 €,79579,[135],[],visa
622,1679501143.0,7,23.45 €,18274,"[636, 68]",[128],visa
623,1679562267.0,8,57.72 €,64758,[406],"[797, 832]",visa
624,1679529082.0,3,71.55 €,73928,[],[],esp
625,1679485522.0,7,83.99 €,21896,[213],[],visa
626,1679537569.0,4,81.09 €,71990,"[279, 434, 914]",[],visa
627,1679482067.0,8,81.1 €,79021,[892],[],esp
628,1679554557.0,9,32.56 €,24324,[],"[488, 421]",esp
629,1679486472.0,2,91.85 €,3575,[],[93],visa
630,1679537272.0,9,54.42 €,70082,[787],"[455, 183]",visa
631,1679545166.0,1,92.83 €,5273,"[539, 126, 578]","[687, 776]",esp
632,1679504580.0,6,72.23 €,41088,"[905, 833, 662]",[],visa
633,1679534707.0,6,30.18 €,58999,[365],[],visa
634,1679549770.0,1,29.89 €,61327,"[198, 519]",[],visa
635,1679541604.0,6,42.44 €,46471,"[419, 210, 628]",[65],visa
636,1679555709.0,9,65.8 €,67196,"[823, 329, 768]",[415],visa
637,1679481227.0,6,16.34 €,18103,"[382, 72, 948]","[907, 152]",visa
638,1679504419.0,7,60.98 €,87627,"[196, 961, 144]",[71],esp
639,1679549661.0,4,11.2 €,6261,[663],[826],visa
640,1679530966.0,3,44.4 €,55594,[],"[881, 816]",visa
641,1679506273.0,5,11.94 €,77150,[419],"[760, 223]",esp
642,1679528514.0,1,65.51 €,1703,"[201, 546, 172]","[290, 865]",visa
643,1679484332.0,2,52.65 €,97872,[],[97],esp
644,1679513163.0,5,21.27 €,8928,"[365, 246, 70]","[209, 759]",visa
645,1679516646.0,1,26.34 €,76855,[879],[447],visa
646,1679508489.0,6,69.18 €,31448,[],"[695, 654]",visa
647,1679535446.0,4,46.57 €,88177,[],"[744, 475]",visa
648,1679501827.0,4,40.23 €,87325,"[464, 533]",[],visa
649,1679523393.0,4,81.08 €,70341,[],[871],visa
650,1679487513.0,6,67.35 €,678,"[346, 596]",[],visa
651,1679521202.0,4,40.5 €,56955,[],"[389, 429]",visa
652,1679536961.0,3,79.35 €,82999,[],[],visa
653,1679494431.0,2,30.55 €,45612,"[743, 237]",[538],visa
654,1679488287.0,8,93.78 €,91686,[],[701],visa
655,1679508695.0,4,63.95 €,9820,[947],[873],visa
656,1679517829.0,3,87.12 €,33981,"[676, 742, 995]","[623, 24]",visa
657,1679483759.0,2,37.15 €,80003,[],[768],visa
658,1679480888.0,3,79.59 €,18335,[51],[],esp
659,1679532314.0,9,79.52 €,81893,[347],[713],visa
660,1679476335.0,9,29.41 €,18402,[344],"[959, 107]",visa
661,1679476311.0,7,93.76 €,37124,"[781, 475]",[940],visa
662,1679557447.0,7,58.89 €,91949,"[389, 919]",[],visa
663,1679503692.0,6,75.11 €,77851,"[442, 860]","[64, 309]",visa
664,1679535369.0,9,68.78 €,81302,"[402, 189]",[84],esp
665,1679516502.0,9,15.95 €,33872,"[313, 67]",[321],esp
666,1679493317.0,6,18.82 €,70550,"[945, 336, 342]",[444],visa
667,1679534948.0,2,39.29 €,25963,[122],[],esp
668,1679511676.0,3,36.85 €,76321,[],[978],visa
669,1679561247.0,9,60.05 €,86357,"[670, 113, 973]","[128, 856]",visa
670,1679517942.0,1,98.01 €,57330,[],[969],visa
671,1679491637.0,2,82.42 €,68645,[],"[335, 795]",visa
672,1679488681.0,8,29.97 €,55477,[],[829],visa
673,1679498154.0,1,48.92 €,55869,[166],"[351, 169]",visa
674,1679539166.0,8,72.25 €,94774,[313],[626],visa
675,1679544541.0,1,15.15 €,5095,"[131, 552, 879]",[],visa
676,1679503004.0,1,24.34 €,99050,"[181, 899]","[100, 448]",visa
677,1679530046.0,9,65.27 €,23044,"[518, 671]",[351],visa
678,1679532844.0,5,83.69 €,16897,"[98, 826, 218]",[],esp
679,1679528089.0,6,82.0 €,13235,"[880, 139]","[92, 351]",visa
680,1679525554.0,2,51.49 €,67105,[516],[],visa
681,1679553995.0,6,42.13 €,16277,[454],"[407, 354]",visa
682,1679510082.0,9,96.15 €,41401,[],[506],visa
683,1679491628.0,6,88.42 €,97427,"[66, 824, 441]","[933, 498]",visa
684,1679535467.0,6,99.62 €,70051,[814],"[530, 232]",visa
685,1679476970.0,5,19.95 €,68228,"[861, 250]","[646, 617]",esp
686,1679515430.0,9,37.75 €,23687,[476],"[234, 222]",visa
687,1679519401.0,9,43.29 €,69492,"[457, 715]",[],visa
688,1679559948.0,2,78.22 €,10676,"[994, 163, 70]",[709],visa
689,1679525637.0,3,86.81 €,42479,[],[],visa
690,1679539370.0,6,80.35 €,61695,"[230, 784]",[],visa
691,1679480553.0,1,88.12 €,38503,[],"[198, 615]",visa
692,1679502118.0,7,19.86 €,81683,"[678, 111]","[496, 432]",visa
693,1679527751.0,2,78.92 €,29336,"[689, 791]","[80, 260]",visa
694,1679493426.0,4,74.67 €,3199,"[718, 625, 54]",[733],visa
695,1679485255.0,5,51.52 €,16588,"[307, 238]","[392, 157]",visa
696,1679507160.0,7,47.18 €,64153,[430],[637],visa
697,1679488073.0,9,66.61 €,89687,"[42, 112, 395]","[539, 545]",visa
698,1679515011.0,3,80.11 €,68814,"[277, 547, 565]","[618, 40]",visa
699,1679525853.0,9,94.94 €,6891,[],[],visa
700,1679511906.0,1,55.93 €,17954,"[122, 181]",[725],visa
701,1679503251.0,4,72.81 €,51827,[636],"[349, 963]",visa
702,1679498486.0,9,81.5 €,98270,"[791, 882]","[211, 871]",esp
703,1679496712.0,9,36.38 €,76953,"[287, 554]",[317],visa
704,1679539792.0,2,86.3 €,60449,[598],[409],visa
705,1679490142.0,1,63.88 €,63973,[73],[],esp
706,1679554931.0,9,14.24 €,39584,[744],[],visa
707,1679501206.0,8,88.95 €,20728,"[76, 524, 792]",[],esp
708,1679521257.0,7,54.64 €,44295,"[675, 999]",[],visa
709,1679557529.0,9,28.27 €,21326,"[184, 256, 819]",[544],visa
710,1679543390.0,8,13.51 €,80781,[756],[],visa
711,1679495374.0,2,14.9 €,14862,"[70, 69, 347]","[169, 808]",visa
712,1679544843.0,7,94.07 €,16266,"[288, 480, 628]",[405],esp
713,1679554954.0,6,80.81 €,61747,"[648, 342, 559]",[159],visa
714,1679510871.0,2,58.41 €,54576,[],[598],visa
715,1679491806.0,6,26.27 €,63887,"[969, 661]","[269, 271]",visa
716,1679562337.0,1,36.55 €,17503,"[840, 785]","[765, 3]",visa
717,1679522897.0,4,81.46 €,97106,"[504, 871]","[804, 617]",visa
718,1679477327.0,9,87.91 €,75873,"[184, 433]",[],visa
719,1679544362.0,1,93.14 €,37078,"[372, 265, 584]",[829],visa
720,1679503846.0,1,95.88 €,41260,[],"[233, 833]",visa
721,1679481892.0,2,77.59 €,51221,"[655, 927]",[],visa
722,1679561193.0,4,14.7 €,83941,"[461, 968]",[622],visa
723,1679515152.0,3,11.13 €,93676,[],"[317, 291]",esp
724,1679521256.0,6,11.97 €,57650,"[522, 340, 337]",[],esp
725,1679533072.0,2,60.73 €,30268,"[615, 75]",[857],visa
726,1679537112.0,2,18.14 €,87894,[228],"[794, 175]",visa
727,1679539643.0,1,30.57 €,64782,"[1, 727, 882]","[608, 40]",esp
728,1679535121.0,8,55.53 €,83734,[400],[],visa
729,1679542577.0,4,60.15 €,79565,[],[424],visa
730,1679503801.0,7,52.88 €,29742,[],[],visa
731,1679537433.0,8,78.28 €,7689,[],"[702, 898]",esp
732,1679492238.0,8,72.11 €,59568,"[407, 377, 277]",[],visa
733,1679519028.0,2,49.07 €,7203,[],[513],visa
734,1679527249.0,4,46.37 €,38837,[],"[143, 840]",visa
735,1679490313.0,2,60.59 €,72345,"[400, 70]",[166],visa
736,1679479624.0,2,67.53 €,26591,"[21, 789, 386]","[214, 54]",visa
737,1679518345.0,1,46.8 €,99953,"[654, 5, 364]",[818],visa
738,1679494912.0,4,48.03 €,17853,[],[],esp
739,1679560939.0,9,37.71 €,82189,"[911, 228]","[924, 723]",visa
740,1679516293.0,2,82.49 €,37815,[],"[625, 767]",esp
741,1679528964.0,9,19.19 €,74460,"[719, 837]",[175],visa
742,1679521941.0,9,20.52 €,50030,"[336, 778, 533]",[],visa
743,1679535389.0,9,74.18 €,284,[821],[842],esp
744,1679483527.0,4,75.25 €,58675,[],"[241, 278]",visa
745,1679548971.0,2,85.54 €,91566,[180],"[664, 628]",esp
746,1679483121.0,3,28.97 €,47441,[],"[640, 377]",visa
747,1679558818.0,4,83.91 €,37941,"[751, 891]",[174],visa
748,1679498881.0,1,69.39 €,26710,"[88, 203]",[],esp
749,1679552654.0,1,86.27 €,80176,[],"[682, 422]",esp
750,1679512925.0,3,98.76 €,22916,"[781, 128]",[218],visa
751,1679559313.0,2,74.97 €,28032,[220],[],esp
752,1679533458.0,2,68.8 €,82125,"[192, 298]",[],visa
753,1679491694.0,8,45.1 €,57677,"[750, 350]",[],visa
754,1679509722.0,6,41.66 €,53261,[346],[526],visa
755,1679491661.0,1,44.06 €,71631,[],"[254, 121]",visa
756,1679536368.0,4,28.25 €,42656,[838],"[876, 589]",visa
757,1679560429.0,4,80.77 €,66436,[],[],visa
758,1679510430.0,6,71.07 €,62143,[],"[822, 940]",visa
759,1679512942.0,5,81.33 €,428,[744],[],visa
760,1679558744.0,2,15.03 €,33121,"[305, 797]",[968],visa
761,1679521443.0,3,19.26 €,44838,"[671, 919, 347]","[928, 30]",visa
762,1679547479.0,2,67.89 €,69198,"[688, 934]",[],visa
763,1679553443.0,5,16.87 €,64344,"[226, 818]",[],esp
764,1679495421.0,9,40.19 €,19034,"[942, 642, 993]","[235, 91]",visa
765,1679544387.0,9,27.82 €,50260,[],"[457, 907]",visa
766,1679558285.0,7,80.34 €,54325,[],[456],visa
767,1679516398.0,1,86.26 €,9089,[54],[],visa
768,1679479147.0,9,84.13 €,10334,"[906, 929]","[193, 302]",esp
769,1679532883.0,5,75.62 €,75784,[811],[],visa
770,1679548704.0,4,86.69 €,15318,"[807, 501]",[],visa
771,1679530181.0,1,11.26 €,71435,[],"[587, 996]",visa
772,1679508620.0,5,37.93 €,68318,[112],[927],esp
773,1679544554.0,9,61.96 €,3002,"[701, 460]","[82, 917]",visa
774,1679526323.0,4,68.48 €,10669,[44],"[802, 794]",visa
775,1679540616.0,1,77.2 €,11333,[950],[198],visa
776,1679489269.0,3,37.48 €,29122,"[503, 107]",[],visa
777,1679537418.0,4,26.05 €,16098,[],"[92, 938]",visa
778,1679480611.0,7,95.11 €,71233,[883],"[855, 354]",visa
779,1679480210.0,2,78.88 €,48128,"[120, 666, 32]",[993],esp
780,1679476655.0,3,26.26 €,41706,[],[],visa
781,1679533764.0,5,27.53 €,82810,"[780, 721]",[],visa
782,1679544944.0,7,25.87 €,48023,[],[],visa
783,1679485448.0,2,41.87 €,95543,[876],[59],visa
784,1679559384.0,9,18.63 €,96102,[939],[289],visa
785,1679508070.0,8,10.83 €,31725,"[93, 999]",[831],esp
786,1679556092.0,7,13.94 €,61464,"[569, 930]","[282, 744]",visa
787,1679483299.0,5,43.83 €,66140,"[611, 956]",[551],visa
788,1679505865.0,4,66.82 €,58078,"[690, 854, 299]",[],visa
789,1679532948.0,2,47.21 €,62459,"[864, 585]",[244],visa
790,1679552784.0,4,72.12 €,49912,"[992, 366, 433]",[744],visa
791,1679527422.0,8,68.64 €,37042,"[543, 146, 298]",[],visa
792,1679543503.0,6,66.79 €,61680,"[826, 926]",[],visa
793,1679540420.0,6,83.83 €,47880,"[968, 799, 711]","[625, 996]",visa
794,1679547529.0,1,54.37 €,39200,[980],[],visa
795,1679545604.0,3,79.34 €,56121,[439],[930],esp
796,1679555145.0,7,45.88 €,81838,[],[770],visa
797,1679537741.0,7,42.3 €,73547,"[637, 494, 825]",[],visa
798,1679489433.0,7,32.79 €,75411,[],[],visa
799,1679503919.0,4,59.95 €,80796,[225],[363],visa
800,1679527025.0,4,99.73 €,64504,[792],[897],visa
801,1679500540.0,8,49.72 €,32338,[282],"[126, 860]",esp
802,1679476383.0,4,65.66 €,60069,[],[],visa
803,1679562483.0,7,87.86 €,7900,"[361, 589]",[980],esp
804,1679514034.0,2,51.17 €,40674,[884],[],visa
805,1679476277.0,4,31.98 €,34227,[],[],esp
806,1679560263.0,7,63.91 €,98769,"[344, 4, 920]","[957, 904]",visa
807,1679477640.0,2,11.99 €,77847,[297],"[938, 665]",visa
808,1679500690.0,3,38.75 €,59666,[704],"[217, 431]",visa
809,1679488867.0,2,42.23 €,27403,"[405, 194, 551]",[],esp
810,1679529967.0,6,82.92 €,35388,[],[505],visa
811,1679537516.0,5,74.16 €,24653,[],[],visa
812,1679480208.0,9,68.14 €,96430,[118],[38],visa
813,1679546161.0,5,41.56 €,797,"[672, 136, 752]",[],visa
814,1679478665.0,4,32.43 €,58957,[],[],visa
815,1679558868.0,4,52.2 €,75782,[],"[118, 566]",visa
816,1679551683.0,1,56.82 €,45807,[214],[216],esp
817,1679554236.0,3,84.15 €,42321,[441],"[850, 496]",esp
818,1679512202.0,1,81.77 €,31193,"[533, 414]",[349],visa
819,1679546785.0,8,49.06 €,72105,"[293, 182, 466]",[],visa
820,1679510363.0,9,34.03 €,93625,"[771, 48, 959]",[],visa
821,1679538380.0,9,46.73 €,48520,[],[90],visa
822,1679484421.0,2,44.99 €,3519,"[676, 630, 694]",[891],visa
823,1679528144.0,8,21.66 €,34392,[],[525],visa
824,1679524436.0,6,97.24 €,11109,[468],"[708, 126]",visa
825,1679544953.0,9,64.2 €,48559,[571],[525],esp
826,1679549797.0,4,25.99 €,83929,"[227, 988, 211]","[552, 900]",visa
827,1679521213.0,9,84.27 €,4936,[770],"[140, 388]",visa
828,1679504517.0,2,27.77 €,78799,"[266, 248]",[],visa
829,1679498935.0,1,20.6 €,8870,"[8, 214]","[457, 130]",visa
830,1679486158.0,4,34.96 €,55481,[93],"[256, 453]",visa
831,1679505802.0,2,82.04 €,41930,[],"[465, 723]",visa
832,1679542239.0,6,64.75 €,95257,"[573, 92, 662]","[969, 71]",esp
833,1679503292.0,4,26.12 €,88763,"[444, 320, 192]","[166, 55]",esp
834,1679518264.0,5,42.44 €,80501,[185],"[257, 121]",visa
835,1679534195.0,4,66.74 €,47507,"[306, 639, 35]",[589],visa
836,1679508971.0,6,19.54 €,76334,[476],[445],visa
837,1679503258.0,7,75.45 €,31755,[871],[943],visa
838,1679524913.0,6,29.04 €,39300,[552],[653],visa
839,1679533869.0,9,58.79 €,49871,[732],[746],visa
840,1679550698.0,3,55.68 €,311,"[474, 722, 788]",[],visa
841,1679521181.0,7,86.38 €,35261,"[25, 580]",[295],visa
842,1679530816.0,4,85.58 €,21330,[],[450],esp
843,1679511051.0,2,80.95 €,10438,"[177, 157]","[693, 735]",visa
844,1679481762.0,6,32.46 €,91704,"[138, 103, 448]",[141],visa
845,1679551049.0,1,50.89 €,11610,[],[],visa
846,1679556703.0,3,76.29 €,8413,[],"[369, 596]",visa
847,1679529560.0,7,54.15 €,88058,"[730, 822]",[],visa
848,1679557619.0,2,83.49 €,74788,"[616, 98]",[237],visa
849,1679506029.0,6,58.38 €,66335,"[609, 369, 738]","[554, 703]",esp
850,1679526380.0,9,54.08 €,21340,[89],[673],visa
851,1679546108.0,7,98.44 €,91833,[],"[119, 993]",visa
852,1679558090.0,9,91.79 €,70877,"[673, 741, 196]",[444],visa
853,1679528882.0,4,31.02 €,78431,"[12, 286]",[],visa
854,1679531025.0,2,98.27 €,35888,"[969, 640, 856]","[74, 541]",esp
855,1679486701.0,9,82.87 €,37965,"[590, 291, 139]",[276],esp
856,1679494241.0,4,47.19 €,78429,"[969, 832]",[],esp
857,1679507545.0,1,93.0 €,91175,[],[],visa
858,1679534727.0,2,72.48 €,89071,"[910, 439, 860]","[768, 452]",visa
859,1679496428.0,4,75.08 €,87071,"[867, 685]",[],visa
860,1679532726.0,8,74.8 €,87799,"[128, 716, 351]",[590],visa
861,1679557151.0,4,44.2 €,56355,"[839, 72]",[215],visa
862,1679496783.0,8,76.03 €,21632,"[758, 498]","[281, 426]",visa
863,1679490570.0,7,90.2 €,85338,[],"[701, 545]",visa
864,1679501420.0,2,65.21 €,54607,"[126, 108, 335]",[],visa
865,1679513309.0,6,46.57 €,5211,[],[93],esp
866,1679516697.0,1,49.17 €,76386,[],[37],visa
867,1679547182.0,6,24.56 €,77619,"[553, 172, 110]","[710, 890]",visa
868,1679515986.0,5,29.45 €,95547,[],[],visa
869,1679487863.0,1,16.69 €,75741,"[530, 14]",[302],esp
870,1679546454.0,9,31.97 €,31898,[734],[],visa
871,1679483017.0,3,46.4 €,39705,[31],"[699, 160]",visa
872,1679507918.0,5,18.29 €,79597,[],[983],visa
873,1679505159.0,3,79.6 €,87350,"[760, 504]",[42],visa
874,1679536625.0,5,59.62 €,13332,"[128, 285]","[317, 199]",visa
875,1679502752.0,4,32.27 €,82631,[934],[],visa
876,1679546433.0,4,46.02 €,24474,[],"[900, 472]",visa
877,1679560786.0,2,17.48 €,44745,"[967, 887]",[],visa
878,1679502658.0,3,65.73 €,39198,[681],[],esp
879,1679557074.0,2,87.09 €,96401,[429],[],visa
880,1679553428.0,1,73.53 €,41832,"[119, 831, 91]",[],visa
881,1679543532.0,3,88.54 €,455,[],[224],visa
882,1679524729.0,8,94.22 €,23582,[],[],visa
883,1679492208.0,5,39.2 €,93975,"[304, 13]","[595, 384]",visa
884,1679505945.0,7,17.55 €,44987,[],"[762, 818]",esp
885,1679525055.0,3,67.21 €,42014,[993],"[328, 21]",visa
886,1679517530.0,5,77.31 €,93420,"[590, 238]",[],visa
887,1679521419.0,7,80.48 €,28591,"[979, 235, 279]",[],visa
888,1679546414.0,1,74.94 €,35520,"[969, 79]",[674],visa
889,1679496388.0,3,26.64 €,68783,"[808, 400]","[34, 831]",visa
890,1679529189.0,7,32.72 €,13641,"[255, 431, 409]","[751, 793]",visa
891,1679544604.0,2,79.96 €,49863,"[30, 577, 83]",[],esp
892,1679526000.0,7,39.54 €,17183,[],[630],visa
893,1679546486.0,8,20.64 €,96960,[],[113],visa
894,1679492474.0,6,33.31 €,3599,"[208, 390, 713]",[846],esp
895,1679554447.0,4,34.72 €,26969,[312],[],esp
896,1679536532.0,6,96.79 €,95762,[643],[305],visa
897,1679535042.0,8,58.58 €,5668,"[732, 195]",[],visa
898,1679521474.0,7,29.36 €,83357,[868],[869],visa
899,1679505746.0,1,88.83 €,12443,"[900, 147]",[],visa
900,1679490726.0,4,18.97 €,39159,"[702, 902]",[270],visa
901,1679533387.0,3,39.19 €,70396,[822],[],visa
902,1679535122.0,7,90.93 €,76636,"[803, 860]",[],visa
903,1679530932.0,9,15.68 €,92158,"[550, 140, 146]","[862, 679]",visa
904,1679546027.0,6,75.44 €,21509,[265],[338],esp
905,1679533424.0,9,38.12 €,80677,[],"[268, 202]",esp
906,1679495601.0,3,79.43 €,49801,[916],[],visa
907,1679556584.0,5,14.63 €,58691,[],[],visa
908,1679498584.0,1,37.31 €,70094,[],"[528, 553]",visa
909,1679502220.0,2,91.43 €,37301,"[461, 438, 666]","[13, 400]",visa
910,1679537180.0,3,57.0 €,42297,[617],[120],esp
911,1679534047.0,8,88.33 €,35411,[],"[601, 318]",visa
912,1679507999.0,5,13.78 €,94004,[168],[185],esp
913,1679549856.0,6,75.16 €,32468,"[433, 806, 886]","[89, 729]",visa
914,1679520840.0,2,50.72 €,81540,[317],"[292, 119]",visa
915,1679529109.0,2,67.49 €,789,"[832, 36]",[],visa
916,1679536024.0,9,16.93 €,46248,[812],[],visa
917,1679519862.0,4,87.48 €,5802,"[562, 421]","[973, 56]",visa
918,1679527231.0,6,18.47 €,89525,"[252, 213, 77]",[],visa
919,1679548708.0,2,63.27 €,70171,[],"[161, 31]",esp
920,1679552724.0,1,36.53 €,30427,[58],"[830, 960]",visa
921,1679499092.0,2,29.24 €,43998,[],[],visa
922,1679559166.0,6,31.91 €,42545,[866],[],visa
923,1679521480.0,3,94.21 €,98670,"[507, 603]",[],visa
924,1679548244.0,3,18.95 €,26664,"[460, 820]","[620, 775]",esp
925,1679493266.0,6,23.63 €,1459,[],[],esp
926,1679485437.0,4,37.94 €,72765,[],[456],visa
927,1679503701.0,6,74.86 €,25620,"[671, 81, 543]","[937, 66]",visa
928,1679523317.0,2,70.85 €,96301,"[362, 685]","[794, 39]",visa
929,1679559365.0,5,73.19 €,2432,[],"[159, 534]",visa
930,1679544386.0,3,32.14 €,23959,"[667, 222]","[700, 824]",visa
931,1679545800.0,8,55.83 €,21661,[],[779],visa
932,1679524915.0,3,35.43 €,35571,[84],[],visa
933,1679527907.0,7,37.28 €,75242,[969],[],visa
934,1679497278.0,6,86.25 €,34110,"[466, 327]",[370],visa
935,1679515837.0,5,80.9 €,81214,[],[],visa
936,1679537151.0,3,11.21 €,90772,"[760, 868, 742]",[254],visa
937,1679478802.0,7,64.2 €,93915,"[776, 8]","[616, 38]",esp
938,1679534043.0,8,66.29 €,52997,[550],"[13, 230]",visa
939,1679532602.0,1,48.23 €,98020,[],[864],visa
940,1679501879.0,3,12.13 €,93593,[],[959],visa
941,1679486169.0,3,33.17 €,41625,[385],[],visa
942,1679546652.0,1,61.95 €,38366,[17],[516],visa
943,1679522493.0,5,61.73 €,39154,"[445, 305, 412]",[242],esp
944,1679532679.0,3,62.13 €,21849,[366],[566],esp
945,1679517329.0,5,74.31 €,80800,"[115, 369]",[479],visa
946,1679476386.0,8,67.5 €,90909,[747],[716],visa
947,1679490269.0,4,67.29 €,60902,[278],[],visa
948,1679486026.0,9,60.02 €,65166,"[408, 29]",[],visa
949,1679533568.0,6,52.64 €,68287,[],"[379, 836]",visa
950,1679506869.0,6,70.4 €,49758,[825],[137],visa
951,1679558752.0,7,54.71 €,62956,[49],[],visa
952,1679488432.0,9,77.73 €,70557,"[645, 773, 246]","[516, 108]",visa
953,1679505279.0,8,84.36 €,31655,"[522, 127]","[862, 893]",esp
954,1679496720.0,2,82.99 €,34101,"[888, 596]","[552, 325]",visa
955,1679501235.0,1,50.78 €,69257,[32],"[908, 461]",visa
956,1679537511.0,1,91.68 €,76045,[],"[604, 692]",visa
957,1679500445.0,4,40.63 €,37582,[939],[],visa
958,1679495846.0,1,46.03 €,65299,"[157, 983]",[907],visa
959,1679558262.0,7,21.92 €,52843,"[314, 986]",[],visa
960,1679561339.0,5,88.98 €,44622,"[524, 324, 742]",[359],visa
961,1679497641.0,8,51.17 €,45818,"[291, 844, 91]",[396],visa
962,1679527929.0,6,44.54 €,61477,[93],[],visa
963,1679557090.0,6,71.89 €,77071,"[542, 54]","[366, 101]",visa
964,1679503311.0,5,86.72 €,55551,[],[806],visa
965,1679495918.0,3,64.93 €,38368,[],[],visa
966,1679552855.0,5,86.27 €,79785,"[767, 613, 581]",[736],visa
967,1679549252.0,9,25.74 €,70132,"[53, 947, 285]",[],esp
968,1679535628.0,9,79.77 €,8508,[592],[],visa
969,1679536675.0,2,25.66 €,25564,[],[],esp
970,1679531270.0,9,93.09 €,53434,"[625, 1]","[791, 548]",visa
971,1679510125.0,9,78.15 €,65090,"[660, 198]","[928, 200]",visa
972,1679494004.0,3,32.97 €,58462,"[144, 696]",[838],visa
973,1679562037.0,6,40.47 €,78037,[596],[501],visa
974,1679554588.0,6,47.95 €,86129,"[541, 477]",[250],esp
975,1679521777.0,6,28.07 €,15794,"[488, 776]","[866, 517]",visa
976,1679492896.0,9,88.78 €,98075,[43],"[913, 68]",visa
977,1679489095.0,9,82.9 €,85188,"[845, 654, 30]",[],visa
978,1679549687.0,8,84.25 €,12001,[205],[],visa
979,1679561529.0,2,15.65 €,10438,[],"[449, 14]",visa
980,1679544428.0,1,93.75 €,23128,"[100, 647, 531]",[541],visa
981,1679546178.0,3,67.59 €,87240,[755],"[33, 200]",esp
982,1679488809.0,7,35.63 €,41377,[738],[73],visa
983,1679487722.0,5,57.32 €,32420,"[125, 969, 503]",[293],visa
984,1679562339.0,9,66.42 €,89026,"[762, 74]",[],visa
985,1679494980.0,9,93.6 €,76206,"[674, 447]",[],esp
986,1679497259.0,4,28.78 €,66242,"[830, 486, 686]",[],visa
987,1679504793.0,5,69.03 €,90820,"[986, 730]","[56, 457]",visa
988,1679477105.0,8,36.67 €,2315,"[642, 530, 51]","[774, 96]",esp
989,1679531533.0,8,65.6 €,42454,"[642, 765, 353]","[901, 718]",visa
990,1679535918.0,8,41.39 €,67438,[],[],visa
991,1679546370.0,7,30.02 €,55256,[],"[807, 377]",visa
992,1679501167.0,7,17.56 €,39282,"[987, 51]","[163, 227]",esp
993,1679545262.0,9,34.81 €,79231,"[419, 947, 773]",[620],visa
994,1679482732.0,6,70.61 €,1852,"[562, 837, 773]","[4, 381]",esp
995,1679502007.0,7,15.98 €,63029,[879],[191],visa
996,1679484873.0,6,66.95 €,27466,[581],[905],esp
997,1679561746.0,2,29.22 €,83862,[132],[],visa
998,1679488119.0,3,82.5 €,14414,"[45, 849]",[],visa
999,1679478797.0,9,57.35 €,58268,[],"[269, 874]",visa
